K_Mer,01_AE,02_AG,03_AB,04_cpx,05_DF,06_cpx,07_BC,08_BC,09_cpx,10_CD,11_cpx,12_BF,13_cpx,14_BG,15_01B,16_A2D,17_BF,18_cpx,19_cpx,20_BG,21_A2D,22_01A1,23_BG,24_BG,25_cpx,26_AU,27_cpx,28_BF,29_BF,31_BC,32_06A1,33_01B,34_01B,35_AD,36_cpx,37_cpx,38_BF1,39_BF,40_BF,42_BF,43_02G,44_BF,45_cpx,46_BF,47_BF,49_cpx,A1,A2,B,C,CPZ,D,F1,F2,G,H,J,K,N,O,P,Bitstring,Color,Color_new
AAAAACAGGAAAATATGCCAGAA,1,0,0,0,0,0,0,0,0,0,0,0,0,0,1,0,0,0,0,0,0,0,0,0,0,0,0,0,0,0,0,1,0,0,0,0,0,0,0,0,0,0,0,0,0,0,0,0,0,0,0,0,0,0,0,0,0,0,0,0,0,1000000000000010000000000000000100000000000000000000000000000,1152991873887895552,0
AAAAAGGACAGCACCAAATGGAG,1,0,0,0,0,0,0,0,0,0,0,0,0,0,1,0,0,0,0,0,0,0,0,0,0,0,0,0,0,0,0,0,0,0,0,0,0,0,0,0,0,0,0,0,0,0,0,0,0,0,1,0,0,0,0,0,0,0,0,0,0,1000000000000010000000000000000000000000000000000010000000000,1152991873351025664,1
AAAAATCTTAGAGCCCTTTAGAA,1,1,0,1,1,1,0,0,1,0,0,0,0,1,1,1,0,1,0,0,1,0,0,0,0,0,0,0,0,0,0,1,1,0,1,0,0,0,0,0,0,0,0,0,0,0,0,1,1,0,0,1,1,1,1,1,0,1,0,0,0,1101110010000111010010000000000110100000000000011001111101000,1986343622752089064,2
AAAACTGGATGACAGAAACCTTG,1,1,0,0,1,0,0,0,0,0,0,0,0,0,1,0,0,0,0,0,0,0,0,0,1,0,0,0,0,0,0,0,1,0,0,0,0,0,0,0,0,0,0,0,0,0,0,0,0,0,0,0,0,1,0,0,0,0,0,0,0,1100100000000010000000001000000010000000000000000000010000000,1801510288680288384,3
AAAAGCAGGGTATGTCACTGACA,1,1,0,0,0,0,0,0,0,0,1,0,0,0,1,0,0,0,0,0,0,0,0,0,1,0,1,0,0,0,0,1,0,1,0,0,0,0,0,0,0,1,0,0,0,0,1,1,0,0,0,0,0,0,0,0,1,0,0,0,0,1100000000100010000000001010000101000000010000110000000010000,1730578612132274192,4
AAAAGGGGGGACTGGATGGGCTA,1,0,0,1,1,1,0,0,0,0,1,0,1,1,1,1,1,0,0,1,0,1,1,1,1,1,1,0,0,0,1,1,0,0,1,0,0,0,0,0,1,0,0,0,0,0,0,1,0,0,0,0,0,0,1,0,0,1,0,0,0,1001110000101111100101111110001100100000100000010000001001000,1406797624447606856,5
AAAAGGTGGATAATCCTGGGATT,1,0,0,0,0,0,0,0,0,0,0,0,0,0,1,0,0,0,0,0,0,1,0,0,0,1,0,0,0,0,0,1,1,0,1,0,0,0,0,0,0,0,0,0,0,0,0,0,0,0,0,0,0,0,0,0,0,0,0,0,0,1000000000000010000001000100000110100000000000000000000000000,1152992458338992128,6
AAAATAGCCACAGAAAGCATAGT,1,0,0,0,1,0,0,0,0,0,0,0,0,0,1,0,0,0,0,0,0,0,0,0,0,0,1,1,0,0,0,1,1,0,0,0,0,0,1,0,0,0,0,0,0,0,0,1,1,1,0,1,0,1,0,0,0,0,0,0,0,1000100000000010000000000011000110000010000000011101010000000,1225049493968272000,7
AAAATTGGGCCTGAAAATCCATA,1,1,1,1,0,1,1,0,1,0,1,1,1,0,1,1,1,1,0,1,0,1,1,1,0,0,0,1,1,1,1,1,1,1,1,0,1,1,0,1,1,1,1,1,1,1,1,1,1,1,0,0,1,0,1,0,1,1,0,0,1,1111011010111011110101110001111111101101111111111100101011001,2222380060764010841,8
AAACTCATCTGCACCACTAATGT,0,1,0,1,1,0,0,0,1,0,1,1,1,0,0,0,0,0,0,1,0,0,1,1,1,0,0,1,0,0,0,0,0,0,1,0,1,1,1,0,1,1,1,1,0,0,1,0,0,0,0,0,1,1,1,1,1,1,0,0,0,0101100010111000000100111001000000101110111100100000111111000,799110147629531640,9
AAAGACACAGCAGGCAGCAGCTG,1,1,0,1,0,0,0,0,0,0,1,0,0,0,1,0,0,0,0,0,0,0,0,0,0,1,0,0,0,0,0,1,1,0,1,1,0,0,0,0,1,0,1,0,0,0,1,0,0,0,0,0,0,0,0,0,0,0,0,0,0,1101000000100010000000000100000110110000101000100000000000000,1874693748904181760,10
AAAGACCCCATAGTAGGAGCAGA,1,1,0,0,0,0,0,0,0,0,0,0,0,0,1,0,0,0,0,0,0,0,0,0,0,0,0,0,0,0,0,0,1,1,0,0,0,0,0,1,1,0,0,0,0,1,1,0,0,0,0,0,0,0,0,0,0,0,0,0,0,1100000000000010000000000000000011000001100001100000000000000,1729452626060296192,11
AAAGAGCAGTTGGACTGGGAGCT,0,1,0,0,0,1,0,0,0,0,0,0,0,0,0,1,0,0,0,1,0,1,1,1,1,1,0,0,0,0,1,0,0,0,1,1,0,0,0,0,0,0,1,0,0,0,0,1,0,0,0,0,0,0,1,0,0,0,0,0,0,0100010000000001000101111100001000110000001000010000001000000,612527999044296768,12
AAAGGTAGTACCAAGAAGAAAAG,0,1,0,1,1,1,0,0,1,0,1,1,0,1,0,1,1,1,0,0,1,0,0,0,1,1,0,0,1,0,1,0,0,0,0,0,0,0,1,0,1,1,0,1,0,0,0,1,0,0,0,1,0,1,1,0,1,1,0,0,0,0101110010110101110010001100101000000010110100010001011011000,835058299028775640,13
AAAGTAATACACACAGACAACGG,1,0,0,0,0,0,0,0,0,0,0,0,0,0,1,0,0,0,0,0,0,0,0,0,0,0,0,0,0,0,0,1,1,0,0,0,0,0,0,0,0,0,0,0,0,0,0,0,0,0,0,0,0,0,0,0,0,0,0,0,0,1000000000000010000000000000000110000000000000000000000000000,1152991874156331008,14
AAAGTCATCCTGGTAGCAGTCCA,1,0,0,0,0,0,0,0,0,0,0,0,0,0,1,0,0,0,0,0,0,0,0,0,0,0,0,0,0,0,0,1,1,0,0,0,0,0,0,0,0,0,0,0,0,1,0,0,0,0,0,0,0,0,0,0,0,0,0,0,0,1000000000000010000000000000000110000000000001000000000000000,1152991874156363776,15
AAATAAGAAAACAGAAGAAAATA,0,1,0,0,0,0,0,0,0,0,0,0,0,1,0,0,0,0,0,0,0,0,0,0,0,0,0,0,0,0,0,0,0,0,0,0,0,0,0,0,0,0,0,0,0,0,0,0,0,0,0,0,0,0,0,0,0,0,0,0,0,0100000000000100000000000000000000000000000000000000000000000,576601489791778816,16
AAATAGATCCTGACCTAGCAGAC,1,1,0,0,0,0,0,0,0,0,0,0,0,0,1,0,0,0,0,1,0,0,0,1,0,0,0,0,0,0,0,1,1,0,1,0,0,0,0,0,0,0,1,0,0,0,0,0,0,0,0,0,0,0,1,0,0,0,0,0,0,1100000000000010000100010000000110100000001000000000001000000,1729454962989334592,17
AAATCACTCTTTGGCAACGACCC,1,1,0,0,1,0,1,0,1,1,0,1,0,0,1,1,1,0,1,0,1,1,0,0,0,1,1,1,1,1,0,1,1,1,1,0,1,0,1,0,1,1,1,1,1,0,1,1,1,0,1,1,1,1,0,1,0,1,0,0,0,1100101011010011101011000111110111101010111110111011110101000,1826901859070080936,18
AAATTAGTAGATTTCAGAGAGCT,1,0,0,1,0,0,0,0,1,0,0,0,0,0,1,1,0,0,0,1,0,0,0,0,1,1,0,1,0,0,0,0,1,0,0,1,0,0,0,0,0,0,0,0,0,0,1,0,0,0,0,0,0,1,1,0,0,0,0,0,0,1001000010000011000100001101000010010000000000100000011000000,1301648156420751552,19
AAATTGTAATACCTCAGCCATTA,1,1,0,0,0,0,0,0,1,1,0,0,0,0,0,0,0,0,1,0,1,1,0,0,1,1,0,0,0,0,0,0,0,1,1,0,0,0,0,0,0,0,1,0,0,0,1,0,0,0,0,1,0,0,0,0,0,0,0,0,0,1100000011000000001011001100000001100000001000100001000000000,1736143806946099712,20
AACAAGTAGATAAATTAGTCAGT,1,1,0,0,1,1,0,0,1,0,1,1,0,1,1,0,0,1,1,1,0,0,1,1,1,1,0,1,1,0,1,1,1,0,1,0,1,0,1,1,0,1,0,1,1,0,1,0,1,0,0,1,1,1,1,0,1,1,0,0,0,1100110010110110011100111101101110101011010110101001111011000,1843888127101064152,21
AACAATGAATGGACATTAGAACT,1,0,0,0,0,0,0,0,0,0,0,0,0,0,0,0,0,0,0,0,0,0,0,0,0,0,0,0,0,0,0,0,0,0,0,0,0,0,0,0,0,0,0,0,0,0,0,0,0,0,0,0,0,0,0,0,0,0,0,0,0,1000000000000000000000000000000000000000000000000000000000000,1152921504606846976,22
AACTAGAGATCCCTCAGACCACT,1,1,0,1,0,1,0,0,1,0,0,0,0,1,0,0,0,0,1,1,0,0,1,1,1,1,0,0,0,0,0,0,0,0,0,0,0,0,0,0,1,0,1,0,0,1,1,0,0,0,0,0,0,0,1,0,0,0,0,0,0,1101010010000100001100111100000000000000101001100000001000000,1914177691588018240,23
AACTCCTCAGGGGAGCTAAAGCA,1,0,0,0,0,0,0,0,0,0,0,0,0,0,1,0,0,0,0,0,0,0,0,0,0,0,0,0,0,0,0,0,1,0,0,0,0,0,0,0,0,0,0,0,0,0,0,0,0,0,0,0,0,0,0,0,0,0,0,0,0,1000000000000010000000000000000010000000000000000000000000000,1152991873619460096,24
AACTGTGGCAAAGAAGGACACCT,1,1,1,0,0,0,0,0,1,0,1,0,0,0,1,1,0,0,0,1,0,1,1,1,0,1,0,0,0,0,1,1,0,1,1,0,0,0,0,0,0,0,0,0,0,1,1,0,0,0,0,0,0,0,0,0,0,1,0,0,0,1110000010100011000101110100001101100000000001100000000001000,2023350882980118536,25
AACTTAAATCATTATTTAATACA,1,1,0,0,0,1,0,0,0,0,0,0,0,0,0,0,0,0,1,0,1,0,0,0,0,0,0,1,1,0,0,1,1,0,1,1,0,0,1,0,1,0,0,0,0,0,1,0,1,1,0,1,0,0,0,0,0,0,0,0,0,1100010000000000001010000001100110110010100000101101000000000,1765416565283510784,26
AAGAACAAATAGGATGGATGACA,1,1,1,1,0,0,0,0,0,0,1,0,0,0,1,0,0,1,0,0,0,1,0,0,0,0,0,0,0,0,1,1,0,0,0,1,0,0,0,0,0,0,0,0,0,0,1,0,0,0,0,0,0,0,0,0,0,0,0,0,0,1111000000100010010001000000001100010000000000100000000000000,2162933437281878016,27
AAGAACTTAAATCATTATTTAAT,1,1,0,0,0,1,0,0,0,0,0,0,0,0,0,0,0,0,1,0,1,0,0,0,0,0,0,1,1,0,0,1,0,0,1,1,0,0,1,0,1,0,0,0,0,0,1,0,1,0,0,1,0,0,0,1,0,0,0,0,0,1100010000000000001010000001100100110010100000101001000100000,1765416565015073312,28
AAGAAGCAGAAGGTCCATGCACT,1,0,0,0,0,0,0,0,0,0,0,0,0,0,0,0,0,0,0,0,0,0,0,0,0,0,0,0,0,0,0,0,0,0,0,0,0,0,0,0,0,0,0,0,0,0,0,0,0,0,0,0,0,0,0,0,0,0,0,0,0,1000000000000000000000000000000000000000000000000000000000000,1152921504606846976,22
AAGAGATAATAATCAGATCTGAA,1,0,0,0,0,0,0,0,0,0,0,0,0,0,0,0,0,0,0,0,0,0,0,0,0,0,0,0,0,0,0,1,1,0,0,0,0,0,0,0,0,0,0,0,0,0,0,0,0,0,0,0,0,0,0,0,0,0,0,0,0,1000000000000000000000000000000110000000000000000000000000000,1152921505412153344,29
AAGATCTAGATAAACATGGAGCA,1,0,0,0,0,0,0,0,0,0,0,0,0,0,1,0,0,0,0,0,0,1,0,0,0,0,0,0,0,0,0,1,1,0,0,0,0,0,0,0,0,0,0,0,0,0,1,0,0,0,0,0,0,0,0,0,0,0,0,0,0,1000000000000010000001000000000110000000000000100000000000000,1152992423912161280,30
AAGCAATGTATGCCCCTCCCATC,0,1,0,0,0,0,0,0,1,0,1,0,1,1,0,0,0,0,1,1,1,1,1,1,1,0,0,1,1,0,0,0,0,1,1,1,0,0,0,0,1,0,1,0,1,0,1,0,1,0,0,1,0,0,1,1,0,0,0,0,0,0100000010101100001111111001100001110000101010101001001100000,582521204797428320,31
AAGCAGGCTTGTCCAAAGATATC,1,0,0,0,0,0,0,0,0,0,0,0,0,0,0,0,0,0,0,0,0,0,0,0,0,0,0,0,0,0,0,0,1,0,0,0,0,0,0,0,0,0,0,0,0,0,0,0,0,0,0,0,0,0,0,0,0,0,0,0,0,1000000000000000000000000000000010000000000000000000000000000,1152921504875282432,32
AAGCCAGGAATGGATGGCCCAAA,0,1,1,1,1,1,1,1,1,1,1,1,1,0,0,1,1,1,0,1,1,0,1,1,1,0,1,1,1,1,0,0,1,1,0,1,1,1,1,1,1,1,1,0,1,0,0,1,1,1,0,1,1,1,1,1,1,1,0,0,0,0111111111111001110110111011110011011111111010011101111111000,1152705414534347768,33
AAGCTTTAGATAAAATAGAGGAA,1,1,1,1,0,0,0,0,1,0,0,0,0,0,0,0,0,0,1,0,0,0,0,0,0,0,0,0,0,0,0,0,0,0,0,0,0,0,0,0,0,0,0,0,1,1,0,0,0,0,0,0,0,0,0,0,0,0,0,0,0,1111000010000000001000000000000000000000000011000000000000000,2166235818811817984,34
AAGGAGGTGGCGAGCAAGGCAGA,1,0,0,0,0,0,0,0,0,0,0,0,0,0,1,0,0,0,0,0,0,0,0,0,1,0,0,0,0,0,0,0,1,0,0,1,0,0,0,0,0,0,0,0,0,0,0,0,0,0,0,0,0,0,0,0,0,0,0,0,0,1000000000000010000000001000000010010000000000000000000000000,1152991942372491264,35
AAGGATCACCGGCAATATTCCAG,1,0,0,0,0,0,0,0,0,0,0,0,0,0,1,0,0,0,0,0,0,1,0,0,0,0,0,0,0,0,0,0,0,0,0,0,0,0,0,0,0,0,0,0,0,0,1,0,0,0,0,0,0,0,0,0,0,0,0,0,0,1000000000000010000001000000000000000000000000100000000000000,1152992423106854912,36
AAGTAGCATAGTGGGATGGCCTC,1,1,1,0,0,0,0,0,0,0,0,0,0,0,1,0,0,0,0,0,0,0,0,0,0,0,0,0,0,0,0,0,1,0,0,0,0,0,0,0,0,0,0,0,0,0,0,0,0,0,0,0,0,0,0,0,0,0,0,0,0,1110000000000010000000000000000010000000000000000000000000000,2017683002074595328,37
AAGTATAACTATAGGACCAGGAC,1,0,0,0,0,0,0,0,0,0,0,0,0,0,0,0,0,0,0,0,0,0,0,0,0,0,0,0,0,0,0,0,0,0,0,0,0,0,0,0,0,0,0,0,0,0,0,0,0,0,0,0,0,0,0,0,0,0,0,0,0,1000000000000000000000000000000000000000000000000000000000000,1152921504606846976,22
AATAAAGCTTGCCTTGAGTGCTT,1,1,0,1,0,1,1,0,0,0,0,1,1,0,0,0,0,0,0,0,0,0,0,0,1,1,1,0,0,0,1,1,0,0,0,0,0,1,1,1,1,0,0,1,0,0,1,0,1,0,1,1,1,0,1,1,1,0,0,0,0,1101011000011000000000001110001100000111100100101011101110000,1928385187330283376,38
AATACCCCTCCTCTAGTAAAATT,1,1,0,1,0,0,0,0,1,0,0,0,0,1,1,0,0,0,0,0,0,1,0,0,0,0,1,0,0,0,0,0,0,1,0,1,0,0,0,0,0,0,0,0,0,0,1,0,0,0,0,0,0,1,1,0,1,0,0,0,0,1101000010000110000001000010000001010000000000100000011010000,1878212717949501648,39
AATACTATTGACAAGAGATGGTG,1,0,0,0,0,0,0,0,0,0,0,0,0,0,0,0,0,0,0,0,0,0,0,0,0,0,0,0,0,0,0,0,0,0,0,0,0,0,1,0,0,0,0,0,0,0,0,0,0,0,0,0,0,0,0,0,0,0,0,0,0,1000000000000000000000000000000000000010000000000000000000000,1152921504611041280,40
AATCAAAAGACTGAATTACATGC,1,1,0,0,0,0,0,0,0,0,0,0,0,0,1,0,0,0,0,0,0,1,0,0,1,1,0,0,0,0,0,1,1,1,1,1,0,0,0,0,1,0,0,0,0,0,0,1,0,0,0,0,0,0,0,0,0,0,0,0,0,1100000000000010000001001100000111110000100000010000000000000,1729453279530721280,41
AATCAAAAGACTGAGTTACATGC,1,1,0,0,0,0,0,0,1,0,0,0,0,0,0,0,0,0,0,0,0,0,0,0,0,0,0,0,0,0,0,0,0,0,0,0,0,0,0,0,0,0,0,0,0,1,0,0,0,0,0,0,0,0,0,0,0,0,0,0,0,1100000010000000000000000000000000000000000001000000000000000,1733885856537673728,42
AATCATTCAGGCACAACCAGACA,1,1,0,0,0,0,0,0,1,0,0,0,0,0,1,0,0,0,0,0,0,1,0,0,0,1,0,0,1,0,0,1,1,1,1,1,0,0,0,0,1,0,0,0,0,0,1,0,0,0,0,0,0,0,0,0,0,0,0,0,0,1100000010000010000001000100100111110000100000100000000000000,1733956814733590528,43
AATCGAAGAAGGAGGTGGCGAGC,1,1,0,0,0,0,0,0,0,0,0,0,0,0,1,0,0,0,0,0,0,0,0,0,1,0,0,0,0,0,0,1,1,0,1,1,0,0,0,0,0,0,0,0,0,0,0,0,0,0,0,0,0,0,0,0,0,0,0,0,0,1100000000000010000000001000000110110000000000000000000000000,1729452695279894528,44
AATCTAAAAACAGGAAAATATGC,1,1,0,0,0,0,0,0,0,0,0,0,0,0,1,0,0,0,0,0,0,1,0,0,0,0,0,0,0,1,0,1,0,0,1,0,0,0,0,0,1,0,0,0,0,0,1,0,1,0,0,0,0,0,1,0,0,0,0,0,0,1100000000000010000001000000010100100000100000101000001000000,1729453178162794560,45
AATGATGTAAAACAATTAACAGA,1,1,0,0,0,1,1,0,0,1,0,1,0,1,0,1,1,0,1,0,1,1,0,0,1,1,0,1,1,0,1,0,0,1,0,0,1,0,1,1,0,0,1,1,0,0,0,1,1,0,0,1,1,1,1,0,1,1,0,0,0,1100011001010101101011001101101001001011001100011001111011000,1786439880761816024,46
AATGGCAGTCTAGCAGAAGAAGA,1,1,0,0,0,0,0,0,0,1,0,0,0,1,0,0,0,0,0,0,0,0,0,0,0,0,1,1,1,0,0,0,1,0,0,0,0,0,0,0,0,0,0,0,0,0,0,1,1,0,0,1,0,0,0,0,0,0,0,0,0,1100000001000100000000000011100010000000000000011001000000000,1731774824545530368,47
AATTAACAGAAGTGGTGCAAAAA,1,0,0,0,0,0,0,0,0,0,0,0,0,0,1,0,0,0,0,0,0,1,0,0,0,0,0,0,0,0,0,1,0,0,0,0,0,0,0,0,0,0,0,0,0,0,0,0,0,0,0,0,0,0,0,0,0,0,0,0,0,1000000000000010000001000000000100000000000000000000000000000,1152992423643709440,48
AATTATATAAATATAAAGTAGTA,1,0,0,0,0,0,0,0,0,1,0,0,1,1,1,0,1,1,0,0,1,1,0,1,0,1,1,1,1,0,0,1,0,1,0,0,1,1,1,1,0,0,0,1,1,0,0,1,1,0,0,1,1,0,0,1,1,0,0,0,0,1000000001001110110011010111100101001111000110011001100110000,1155694125742502704,49
AATTGGAGAAGTGAATTATATAA,1,1,1,0,0,1,1,1,1,1,1,1,1,1,1,1,1,1,1,1,1,1,1,1,1,1,0,1,1,1,1,1,0,1,1,1,1,1,1,1,1,0,1,0,1,1,1,1,1,1,0,1,1,1,1,1,1,0,0,0,0,1110011111111111111111111101111101111111101011111101111110000,2089670209650949104,50
AATTTATGCAGGGATTAAGGTAA,1,0,0,0,0,0,0,0,0,0,0,0,0,0,1,0,0,0,0,0,0,0,0,0,0,0,0,0,0,0,0,1,1,0,0,0,0,0,0,0,0,0,0,0,0,0,0,0,0,0,0,0,0,0,0,0,0,0,0,0,0,1000000000000010000000000000000110000000000000000000000000000,1152991874156331008,14
AATTTCCCAATTAGTCCTATTGA,1,1,0,0,0,0,0,0,0,0,1,0,0,0,1,0,0,0,0,0,1,0,0,0,0,0,0,0,0,0,0,0,0,1,0,0,0,0,0,0,0,0,0,0,0,0,1,0,0,0,0,0,0,0,0,0,0,0,0,0,0,1100000000100010000010000000000001000000000000100000000000000,1730579625207152640,51
AATTTTTCTATTGCAATACAACA,1,0,0,1,0,0,0,0,1,0,0,0,0,0,0,0,0,0,1,0,0,0,0,0,1,0,1,0,0,0,0,0,0,0,0,0,0,0,0,0,0,0,0,0,0,0,0,1,0,0,0,0,0,0,0,0,0,0,0,0,0,1001000010000000001000001010000000000000000000010000000000000,1301544776255938560,52
ACAAATAGGATGGATGACAAACA,1,0,0,0,0,0,0,0,0,0,0,0,0,0,1,0,0,0,0,0,0,0,0,0,0,0,0,0,0,0,0,1,0,0,0,0,0,0,0,0,0,0,0,0,0,0,0,0,0,0,0,0,0,0,0,0,0,0,0,0,0,1000000000000010000000000000000100000000000000000000000000000,1152991873887895552,0
ACACATGGAATTAAGCCAGTGGT,1,0,0,0,1,1,0,1,1,0,0,0,0,0,0,0,0,1,0,1,1,1,1,1,0,1,0,0,0,0,0,1,1,0,0,0,0,0,0,0,0,0,0,0,0,1,0,0,0,1,0,0,0,0,1,1,1,0,0,0,0,1000110110000000010111110100000110000000000001000100001110000,1274531786411509872,53
ACACCAGACAAAAAACATCAGAA,0,1,1,1,1,0,0,0,0,0,0,1,0,0,0,0,1,1,1,0,0,0,1,1,0,0,0,1,1,0,0,1,0,0,1,0,0,1,0,1,0,1,0,0,1,0,0,1,1,0,0,1,1,0,1,1,1,0,0,0,0,0111100000010000111000110001100100100101010010011001101110000,1081458072664748912,54
ACAGAAACCTTGCTAGTCCAAAA,1,0,0,0,0,0,0,0,0,0,0,0,0,0,1,0,0,1,0,0,0,1,0,0,0,0,0,0,0,0,0,0,1,0,1,0,0,1,0,0,0,0,0,0,0,0,0,0,0,0,0,0,0,0,0,0,0,0,0,0,0,1000000000000010010001000000000010100100000000000000000000000,1153001219543793664,55
ACAGAGGTAGTGCAAAAAGTGGC,0,1,0,0,0,0,0,0,0,0,0,0,0,0,0,0,0,0,0,0,0,0,0,0,0,0,0,0,0,0,0,0,0,0,0,0,0,0,0,0,0,0,0,0,0,0,0,0,0,0,0,0,0,0,0,0,0,0,0,0,0,0100000000000000000000000000000000000000000000000000000000000,576460752303423488,56
ACAGATAGAGTTATAGAAATAGG,0,1,0,0,0,0,0,0,0,0,0,0,0,0,0,0,0,0,0,0,0,0,0,0,0,0,0,0,0,0,0,0,0,0,0,0,0,0,0,0,0,0,0,0,0,0,0,0,0,0,0,0,0,0,0,0,0,0,0,0,0,0100000000000000000000000000000000000000000000000000000000000,576460752303423488,56
ACAGGAAAATATGCCAGAAAAAG,1,0,0,0,0,0,0,0,0,0,0,0,0,0,1,0,0,0,0,0,0,0,0,0,0,0,0,0,0,0,0,1,0,0,0,0,0,0,0,0,0,0,0,0,0,0,0,0,0,0,0,0,0,0,0,0,0,0,0,0,0,1000000000000010000000000000000100000000000000000000000000000,1152991873887895552,0
ACAGGATCAGAAGAACTTAAATC,1,1,1,0,0,1,0,0,1,0,0,0,0,0,1,0,0,0,1,0,1,0,0,0,0,0,1,1,1,0,0,1,0,0,1,1,1,0,1,1,1,0,0,0,1,0,0,0,1,0,0,1,0,0,0,0,0,0,0,0,0,1110010010000010001010000011100100111011100010001001000000000,2058220926737125888,57
ACAGGATGAGGATTAGAACATGG,1,1,1,0,0,0,0,0,0,0,1,0,0,1,1,1,0,1,1,1,1,0,1,1,0,1,0,1,0,0,0,1,1,1,1,1,0,0,1,1,1,0,1,0,0,1,1,1,1,1,0,1,0,1,1,0,0,0,0,0,0,1110000000100111011110110101000111110011101001111101011000000,2019001772562250432,58
ACAGTCAACTCTCAAGACAGGAT,1,0,0,0,0,0,0,0,0,0,0,0,0,0,1,0,0,0,0,0,0,0,0,0,0,0,0,0,0,0,0,1,1,0,0,0,0,0,0,0,0,0,0,0,0,0,0,0,0,0,0,0,0,0,0,0,0,0,0,0,0,1000000000000010000000000000000110000000000000000000000000000,1152991874156331008,14
ACAGTGCCCTAGCACGAAAACAC,1,0,0,0,0,0,0,0,0,0,0,0,0,0,1,0,0,0,0,0,0,0,0,0,0,0,0,0,0,0,0,1,1,0,0,0,0,0,0,0,0,0,0,0,0,0,0,0,0,0,0,0,0,0,0,0,0,0,0,0,0,1000000000000010000000000000000110000000000000000000000000000,1152991874156331008,14
ACATGTGGAAAAATAACATGGTA,1,1,0,1,0,1,0,0,1,0,0,0,0,1,0,0,0,0,1,1,0,1,1,1,1,1,1,1,1,0,0,0,0,0,1,1,0,0,1,1,1,0,1,0,1,0,1,1,0,0,0,0,0,1,1,0,0,1,0,0,0,1101010010000100001101111111100000110011101010110000011001000,1914178271515599048,59
ACATTAAAGCCAGGAATGGATGG,1,0,1,0,0,0,0,0,0,0,0,0,0,0,1,0,0,0,0,0,0,1,0,0,0,0,0,0,0,0,0,0,0,0,1,0,0,0,0,0,0,0,0,0,0,0,0,0,0,0,0,0,0,0,0,1,0,0,0,0,0,1010000000000010000001000000000000100000000000000000000100000,1441222799325659168,60
ACCATACCTAGTATAAACAATGA,1,0,0,0,0,0,1,0,0,1,0,0,0,0,1,0,1,0,1,0,1,1,0,0,0,1,0,1,1,1,0,1,1,0,0,0,0,0,0,0,0,0,0,0,0,0,0,1,1,1,0,0,0,0,0,1,0,0,1,0,0,1000001001000010101011000101110110000000000000011100000100100,1173281761371633700,61
ACCTTCAGACCTGGAGGAGGAAA,1,0,0,0,0,0,0,0,0,0,0,0,0,1,0,0,0,0,0,0,0,0,0,0,0,1,1,0,0,0,0,1,0,0,0,0,0,0,0,0,0,0,0,0,1,0,0,0,0,0,0,0,0,0,0,0,0,0,0,0,0,1000000000000100000000000110000100000000000010000000000000000,1153062294171746304,62
ACGGTACAGGCCAGACAATTATT,1,1,1,1,1,0,0,0,1,0,1,1,1,0,0,1,1,1,1,0,1,1,0,0,0,1,0,0,1,1,0,1,1,1,0,1,1,1,1,1,0,1,1,1,0,0,1,1,1,1,0,1,1,1,0,1,0,1,0,0,0,1111100010111001111011000100110111011111011100111101110101000,2240327001412893608,63
ACTAGTACCCTTCAAGAACAAAT,1,1,0,1,0,0,0,0,1,0,1,0,0,0,1,0,0,1,0,0,0,1,0,0,0,0,0,0,0,0,1,1,0,0,1,1,0,0,0,0,0,0,0,1,0,1,0,0,0,0,0,0,0,0,0,0,0,0,0,0,0,1101000010100010010001000000001100110000000101000000000000000,1879206660824793088,64
ACTCTTTGGCAACGACCCTTAGT,0,1,0,0,0,0,0,0,0,0,0,0,0,0,0,0,0,0,0,0,0,0,0,0,0,0,0,0,1,0,0,0,0,0,1,0,1,0,0,0,1,0,0,1,0,0,0,0,0,0,0,0,1,1,0,0,0,0,0,0,0,0100000000000000000000000000100000101000100100000000110000000,576460756683456896,65
AGAAAAAATATAGACTAAAACAT,0,1,0,0,1,0,0,0,0,1,0,1,0,0,0,1,0,0,0,0,0,0,0,0,0,1,0,0,0,0,0,0,0,1,0,0,0,1,0,0,0,0,0,0,0,0,1,0,0,0,0,1,1,0,0,0,0,0,0,0,0,0100100001010001000000000100000001000100000000100001100000000,651368314982908672,66
AGAAAAGACAAGAGATCCTTGAT,1,1,0,1,0,1,1,0,0,0,1,1,0,0,1,0,0,1,1,0,0,1,0,0,1,0,0,1,0,0,1,0,0,0,0,0,0,0,0,0,0,0,0,1,0,0,0,0,0,0,0,0,1,1,0,1,1,0,0,0,0,1101011000110010011001001001001000000000000100000000110110000,1929313681397645744,67
AGAAAATTAGTAGATTTCAGAGA,1,1,0,1,1,1,0,0,1,1,0,0,0,0,0,1,0,1,1,1,1,1,0,0,1,1,0,1,1,0,1,0,0,0,1,1,1,1,1,0,0,0,1,1,0,1,1,1,1,1,0,1,0,1,1,0,0,0,0,0,0,1101110011000001011111001101101000111110001101111101011000000,1988391579454732992,68
AGAAATGGTTATCTATCAATACA,1,0,0,0,0,0,0,0,0,1,0,0,0,0,1,0,0,0,0,0,1,0,0,0,0,0,0,0,0,0,0,0,0,0,0,0,1,0,0,0,0,0,0,0,0,0,0,0,0,0,0,1,0,0,0,0,0,0,0,0,0,1000000001000010000010000000000000001000000000000001000000000,1155244772693115392,69
AGAACATGGAACAGTTTAGTAAA,1,1,1,0,0,0,0,0,0,0,0,0,0,1,1,1,0,1,0,0,1,1,1,1,0,0,0,1,0,0,0,1,0,0,0,1,0,0,0,1,1,0,0,0,0,0,1,1,0,0,0,0,0,1,1,0,0,0,0,0,0,1110000000000111010011110001000100010001100000110000011000000,2017869790507458752,70
AGAACTGTTAGAGGAGCTTAAAA,1,0,0,0,0,0,0,0,0,0,0,0,0,0,1,0,0,0,0,1,0,0,1,1,0,0,0,0,0,0,0,0,1,0,0,0,0,0,0,0,0,0,0,0,0,0,0,0,0,0,0,0,0,0,0,0,0,0,0,0,0,1000000000000010000100110000000010000000000000000000000000000,1152994484959576064,71
AGAACTTTGAATGCATGGGTGAA,1,0,0,1,0,0,0,0,0,0,1,0,0,0,1,0,0,0,0,0,0,1,0,0,0,0,0,0,0,0,0,1,0,0,1,0,0,0,0,0,0,0,1,0,0,0,0,0,0,0,0,0,0,0,0,0,0,0,0,0,0,1001000000100010000001000000000100100000001000000000000000000,1298233511693778944,72
AGAAGAGTGGTGGAGAGAGAAAA,1,1,0,0,0,0,0,0,1,0,1,0,0,0,0,0,0,0,1,0,0,1,1,1,1,1,0,0,0,0,0,1,1,1,0,1,0,0,0,0,1,0,1,0,0,0,1,1,0,0,0,0,0,0,1,1,1,0,0,0,0,1100000010100000001001111100000111010000101000110000001110000,1735017220617298032,73
AGAAGCAGAATTAGAGTTGGCAG,1,0,0,0,0,0,0,0,0,0,0,0,0,0,1,0,0,0,0,0,0,0,0,0,0,0,0,0,0,0,0,1,0,0,0,0,0,0,0,0,0,0,0,0,0,0,0,0,0,0,0,0,0,0,0,0,0,0,0,0,0,1000000000000010000000000000000100000000000000000000000000000,1152991873887895552,0
AGAAGGAGTAGGAGCAGTATCTC,1,0,0,0,0,0,0,0,0,0,0,0,0,0,1,1,0,0,0,0,0,1,0,0,0,0,0,0,0,0,0,1,1,0,0,0,0,0,0,0,0,0,0,0,0,0,0,0,0,0,0,0,0,0,1,0,0,0,0,0,0,1000000000000011000001000000000110000000000000000000001000000,1153027608284233792,74
AGAAGTGAATTATATAAATATAA,1,1,1,0,0,0,1,1,0,1,0,1,0,1,1,0,1,1,0,0,1,1,0,1,0,1,0,1,1,1,0,1,0,1,0,0,1,1,1,1,0,0,0,1,1,1,0,1,1,1,0,1,1,1,0,1,1,0,0,0,0,1110001101010110110011010101110101001111000111011101110110000,2047688311906220976,75
AGAATGTATAGCCCTGTCAGCAT,0,1,0,1,1,0,0,0,1,1,0,1,1,1,0,1,1,0,1,0,1,0,0,0,1,0,0,1,1,1,0,1,0,0,0,1,1,0,1,1,1,0,1,1,1,0,0,1,0,1,0,1,0,1,1,1,1,1,0,0,0,0101100011011101101010001001110100011011101110010101011111000,800432454739897080,76
AGAATTAAGTGCTTCAACTGTGG,1,0,0,0,0,0,0,0,0,0,1,0,0,0,1,0,0,0,0,0,0,0,0,0,0,0,0,0,0,0,0,1,1,0,0,0,0,0,0,0,0,0,0,0,0,0,0,0,0,0,0,0,0,0,0,0,0,0,0,0,0,1000000000100010000000000000000110000000000000000000000000000,1154117774063173632,77
AGAATTGGGTGTCAACATAGCAG,1,1,0,0,0,0,0,0,0,0,0,0,0,0,1,1,0,0,0,0,1,1,0,0,0,0,0,0,1,0,0,1,1,0,1,0,0,0,0,0,1,0,1,0,0,0,0,0,0,0,0,1,0,0,0,0,0,0,0,0,0,1100000000000011000011000000100110100000101000000001000000000,1729489464462672384,78
AGACACAGCAGGCAGCAGCTGGC,1,1,0,1,0,0,0,0,0,0,0,0,0,0,1,0,0,0,0,0,0,0,0,0,0,0,0,0,0,0,0,1,1,0,0,1,0,0,0,0,0,0,0,0,0,0,0,0,0,0,0,0,0,0,0,0,0,0,0,0,0,1101000000000010000000000000000110010000000000000000000000000,1873567814569164800,79
AGACAGCATACTTTCTGCTAAAA,1,0,0,0,0,0,0,0,0,0,0,0,0,0,1,0,0,0,1,0,0,0,0,0,0,0,0,0,0,0,0,1,1,1,0,1,0,0,0,0,0,0,0,0,0,0,1,0,0,0,0,0,0,0,0,0,0,0,0,0,0,1000000000000010001000000000000111010000000000100000000000000,1152996272370630656,80
AGACATTTTCCTAGGCCCTGGCT,1,0,0,0,0,0,0,0,1,0,0,0,0,1,1,0,0,0,0,1,0,1,1,1,1,0,1,0,0,0,0,1,1,0,0,0,0,0,0,0,0,0,0,0,0,0,0,0,0,0,0,0,0,0,1,0,0,0,0,0,0,1000000010000110000101111010000110000000000000000000001000000,1157639458267332672,81
AGACCTTCAGACCTGGAGGAGGA,1,1,0,1,0,0,0,0,0,1,0,0,1,1,1,1,0,0,0,0,1,0,0,0,0,1,1,1,1,0,0,1,0,1,0,0,0,0,0,0,1,0,1,0,1,0,0,1,0,0,0,1,0,0,1,0,0,1,0,0,0,1101000001001111000010000111100101000000101010010001001001000,1876278174989754952,82
AGAGAGAAATTAGCAATTACACA,1,0,0,0,0,0,0,0,0,0,0,0,0,0,0,0,0,0,0,0,0,0,0,0,0,0,0,0,0,0,0,1,0,0,0,0,0,0,0,0,0,0,0,0,0,0,0,0,0,0,0,0,0,0,0,0,0,0,0,0,0,1000000000000000000000000000000100000000000000000000000000000,1152921505143717888,83
AGAGAGCAAGCTGAACACCTTAA,1,0,0,0,0,0,0,0,0,0,0,0,0,0,1,0,0,0,0,0,0,0,0,0,1,1,0,0,0,0,0,1,0,1,0,0,0,0,0,0,0,0,1,0,0,0,0,0,0,0,0,0,0,0,0,0,0,0,0,0,0,1000000000000010000000001100000101000000001000000000000000000,1152991977101590528,84
AGAGCAGAAGACAGTGGAAATGA,1,0,0,0,0,1,0,0,0,0,0,0,1,1,1,0,0,0,0,1,0,1,1,1,0,0,0,1,0,0,1,1,1,0,0,0,0,0,0,0,1,0,0,0,0,0,0,0,0,0,0,0,0,1,1,0,0,0,0,0,0,1000010000001110000101110001001110000000100000000000011000000,1189446054401016000,85
AGAGGGAACCCGACAGGCCCGAA,1,1,0,0,0,0,0,0,0,0,0,0,0,0,0,0,0,0,0,1,0,0,1,1,0,0,0,0,0,0,0,0,0,0,1,1,0,0,0,0,0,0,0,0,0,0,0,0,0,0,0,0,0,0,1,0,0,0,0,0,0,1100000000000000000100110000000000110000000000000000001000000,1729384868351049792,86
AGATTAATGGAACAAAATGGAAT,1,0,0,0,0,0,0,0,1,0,0,0,0,0,0,0,0,0,0,0,0,0,0,0,0,0,0,0,0,0,0,0,1,0,0,0,0,0,0,0,0,0,0,0,0,0,0,0,0,0,0,0,0,0,0,0,0,0,0,0,0,1000000010000000000000000000000010000000000000000000000000000,1157425104502652928,87
AGCAGCAAAGTCAGCCAAAATTA,1,0,0,0,0,0,0,0,0,0,0,0,0,0,1,0,0,0,0,0,0,0,0,0,0,0,0,0,0,0,0,0,0,0,1,0,0,0,0,0,0,0,0,0,0,0,0,0,0,0,0,0,0,0,0,0,0,0,0,0,0,1000000000000010000000000000000000100000000000000000000000000,1152991873418133504,88
AGCAGCAGAAGGAGTAGGAGCAG,1,1,0,0,0,1,0,0,0,0,1,0,0,0,0,1,0,0,0,0,0,0,0,0,1,0,0,0,0,0,1,1,1,0,0,0,0,0,0,0,1,0,0,0,0,0,1,1,0,0,0,0,0,0,1,0,1,0,0,0,0,1100010000100001000000001000001110000000100000110000001010000,1766572208807764048,89
AGCAGGAGCAGAAAGACAAGGAA,1,0,0,0,0,0,0,0,0,0,0,0,0,0,0,0,0,0,0,0,0,0,0,0,0,0,0,0,0,0,0,0,0,0,0,0,0,0,0,0,0,0,0,0,0,0,0,0,0,0,0,0,0,1,0,0,0,0,0,0,0,1000000000000000000000000000000000000000000000000000010000000,1152921504606847104,90
AGCAGGCAGCAGCTGGCACAGGA,1,1,0,0,0,0,0,0,0,0,0,0,0,0,1,0,0,0,0,0,0,0,0,0,0,0,0,0,0,0,0,1,1,0,0,1,0,0,0,0,0,0,0,0,0,0,0,0,0,0,0,0,0,0,0,0,0,0,0,0,0,1100000000000010000000000000000110010000000000000000000000000,1729452626493308928,91
AGCATGACAAAAATCTTAGAGCC,1,1,1,1,1,1,1,1,1,1,0,0,0,1,1,1,0,1,0,1,1,0,1,1,0,1,0,1,1,1,0,1,1,0,1,1,0,1,0,0,0,1,0,0,0,0,1,0,1,1,0,1,1,1,1,1,0,1,0,0,0,1111111111000111010110110101110110110100010000101101111101000,2303850057256426472,92
AGCCTGTTGGTGGGCCAATGTCC,1,0,0,0,0,0,0,0,0,0,0,0,0,0,1,0,0,0,0,0,0,0,0,0,0,0,0,0,0,0,0,1,0,0,0,0,0,0,0,0,0,0,0,0,0,0,0,0,0,0,0,0,0,0,0,0,0,0,0,0,0,1000000000000010000000000000000100000000000000000000000000000,1152991873887895552,0
AGCTGGACTGTCAATGATATACA,1,1,0,0,1,1,1,1,1,1,0,0,1,1,1,1,0,1,1,0,1,1,0,1,1,0,1,0,0,1,1,1,1,1,0,1,1,0,1,0,1,0,1,1,0,0,1,1,0,1,0,1,1,1,1,1,1,1,0,0,0,1100111111001111011011011010011111011010101100110101111111000,1871788481715792888,93
AGCTGGGGATTTACTACACCAGA,1,0,0,0,0,0,0,0,0,0,0,0,0,0,1,0,0,0,0,0,0,0,0,0,0,0,0,0,0,0,0,0,0,0,0,0,0,0,0,0,0,0,0,0,0,0,1,0,0,0,0,0,0,0,0,0,0,0,0,0,0,1000000000000010000000000000000000000000000000100000000000000,1152991873351041024,94
AGCTTTAGATAAAATAGAGGAAG,1,0,0,0,0,0,0,0,0,0,0,0,0,0,0,0,0,0,1,0,0,0,0,0,0,0,0,0,0,0,0,0,0,0,0,0,0,0,0,0,0,0,0,0,1,0,0,0,0,0,0,0,0,0,0,0,0,0,0,0,0,1000000000000000001000000000000000000000000010000000000000000,1152925902653423616,95
AGGAAATATAACAGATGAAGTAA,1,0,0,0,0,0,0,0,0,0,0,0,0,0,0,0,0,0,0,0,0,0,0,0,0,0,0,0,0,0,0,0,0,0,0,0,0,0,0,0,0,0,0,0,0,0,0,0,0,0,0,0,0,0,0,0,0,0,0,0,0,1000000000000000000000000000000000000000000000000000000000000,1152921504606846976,22
AGGAAGCTGCAGAATGGGACAGG,0,1,0,1,0,1,0,0,0,0,1,0,0,0,0,0,0,1,0,0,0,0,0,0,0,0,0,0,0,0,0,0,0,1,0,0,0,0,0,0,0,0,1,0,0,1,1,1,0,0,0,1,0,1,0,1,1,1,0,0,0,0101010000100000010000000000000001000000001001110001010111000,757739433532646072,96
AGGAAGGTGCTATTTTTAGATGG,1,0,0,0,0,0,0,0,0,0,0,0,0,0,1,0,0,1,1,0,0,0,0,0,0,0,0,0,0,0,0,0,1,0,0,0,0,0,0,0,0,0,0,0,0,0,0,0,0,0,0,0,0,0,0,0,0,0,0,0,0,1000000000000010011000000000000010000000000000000000000000000,1153005067758993408,97
AGGACACCTAGCCAGAAATTGCA,1,1,1,0,0,0,0,0,1,0,1,0,0,0,1,1,0,1,0,1,0,1,1,1,0,1,0,0,0,0,1,1,0,1,1,0,0,0,0,0,1,0,0,1,0,0,1,1,0,0,0,0,0,0,0,0,0,0,0,0,0,1110000010100011010101110100001101100000100100110000000000000,2023359679074295808,98
AGGACGAAGACAGAGAAGTGCTG,1,1,0,0,0,0,0,0,0,0,0,0,0,0,0,0,0,0,0,0,0,0,0,0,0,0,0,0,0,0,0,0,0,0,0,0,0,0,0,0,0,0,0,0,0,0,0,0,0,0,0,0,0,0,1,0,0,0,0,0,0,1100000000000000000000000000000000000000000000000000001000000,1729382256910270528,99
AGGCAGGGATACTCACCTTTGTC,1,1,0,1,0,1,1,1,1,0,1,0,1,0,1,0,0,0,1,0,1,0,0,0,1,1,0,0,0,0,0,1,1,1,1,1,1,0,0,0,1,0,1,0,0,0,1,1,0,1,0,0,0,1,1,1,1,1,0,0,0,1101011110101010001010001100000111111000101000110100011111000,1942534784720070904,100
AGGCTATAGAGGCTCAACAACAT,0,1,0,0,0,0,0,0,0,0,0,0,0,0,0,1,0,0,0,0,0,0,0,0,0,0,0,0,0,0,0,0,0,0,0,0,0,0,0,0,0,0,0,0,0,0,0,0,0,0,0,0,0,0,0,0,0,0,0,0,0,0100000000000001000000000000000000000000000000000000000000000,576495936675512320,101
AGGGAGGTGTGGTTTGGGAGGAG,0,1,0,0,0,0,0,0,0,0,0,0,0,0,0,0,0,0,0,0,0,0,0,0,0,0,0,0,0,0,0,0,0,0,0,0,0,0,0,0,0,0,0,0,0,0,0,0,0,0,0,0,0,0,0,0,0,0,0,0,0,0100000000000000000000000000000000000000000000000000000000000,576460752303423488,56
AGGGGGGACTGGATGGGTTAATT,0,1,1,0,0,0,0,0,1,1,0,0,0,0,0,0,0,1,0,0,1,0,0,0,0,0,0,0,0,0,0,1,0,1,0,0,0,0,0,0,0,0,1,0,0,0,1,1,0,0,0,0,0,0,0,1,1,0,0,0,0,0110000011000000010010000000000101000000001000110000000110000,871456424172216368,102
AGGGTTTTAACCCAGAAGTAATA,1,0,0,0,0,0,0,0,0,0,0,0,0,0,0,0,1,0,0,0,0,0,0,0,0,0,0,1,0,0,0,0,1,0,1,0,0,0,0,0,0,0,0,0,0,0,0,0,0,0,0,0,0,0,0,0,0,0,0,0,0,1000000000000000100000000001000010100000000000000000000000000,1152939105718370304,103
AGGGTTTTGGCTGAGGCAATGAG,1,1,0,0,0,0,0,0,0,0,1,1,0,0,1,0,1,1,0,0,0,0,0,0,0,0,0,0,1,0,0,1,1,0,0,0,0,0,1,0,0,0,0,1,0,0,0,0,0,0,0,0,0,0,0,0,0,1,0,0,0,1100000000110010110000000000100110000010000100000000000001000,1731167868898377736,104
AGGTTAGTTAAGAGAATAAGAGA,1,0,0,0,0,0,0,0,0,0,0,0,0,0,1,0,0,0,0,0,0,0,0,0,0,0,0,0,0,0,0,1,0,0,0,0,0,0,0,0,0,0,0,0,0,0,0,0,0,0,0,0,0,0,0,0,0,0,0,0,0,1000000000000010000000000000000100000000000000000000000000000,1152991873887895552,0
AGTAAGACAATATGATCAGATAC,1,1,0,1,0,0,0,0,0,0,0,0,0,0,0,0,0,1,0,0,0,0,0,0,0,0,0,0,0,0,0,0,0,0,1,0,0,0,0,0,0,0,0,0,0,0,0,0,1,0,0,0,0,0,0,0,0,0,0,0,0,1101000000000000010000000000000000100000000000001000000000000,1873506241146261504,105
AGTACTATAAAGACTGCTGACAA,1,0,0,0,0,0,0,0,0,0,0,0,0,0,1,0,0,0,0,0,0,0,0,0,0,0,0,0,0,0,0,1,0,0,0,0,0,0,0,0,0,0,0,0,0,0,0,0,0,0,0,0,0,0,0,0,0,0,0,0,0,1000000000000010000000000000000100000000000000000000000000000,1152991873887895552,0
AGTATAGGTTAATAAATTGTAAT,1,1,0,0,0,0,0,0,0,0,0,0,0,0,0,0,0,1,0,0,0,0,0,0,0,0,0,0,0,0,0,0,0,0,0,0,0,0,0,0,0,0,0,0,0,0,0,0,0,0,0,0,0,0,0,0,0,0,0,0,0,1100000000000000010000000000000000000000000000000000000000000,1729391053003292672,106
AGTCCATTTTAAAAGCATTAGGA,1,1,0,0,0,0,0,0,0,0,0,0,0,0,1,0,0,0,0,0,0,0,0,0,0,0,0,0,0,0,0,1,1,0,1,1,0,0,0,0,0,0,0,0,0,0,0,0,0,0,0,0,0,0,0,0,0,0,0,0,0,1100000000000010000000000000000110110000000000000000000000000,1729452626560417792,107
AGTGGCAATGAGAGTGATGGGGA,0,1,0,1,0,0,1,0,0,1,0,0,0,0,0,0,0,0,1,0,0,0,0,0,0,1,0,0,0,0,0,0,0,1,0,1,1,0,0,0,0,0,0,0,0,0,1,1,0,0,0,1,0,0,0,0,0,0,0,0,0,0101001001000000001000000100000001011000000000110001000000000,740846571293270528,108
AGTTAACTCCTCTCTGCGTTACT,1,0,0,0,0,0,0,0,0,0,0,0,0,0,1,0,0,0,0,0,0,1,0,0,0,0,0,0,0,0,0,1,1,0,0,0,0,0,0,0,0,0,0,0,0,0,0,0,0,0,0,0,0,0,0,0,0,0,0,0,0,1000000000000010000001000000000110000000000000000000000000000,1152992423912144896,109
ATAAGAACATATTGGGGTCTGCA,1,1,0,1,0,0,0,0,0,0,0,0,0,0,1,0,0,0,0,0,0,0,0,0,0,0,0,0,0,0,0,1,0,0,1,0,0,0,0,0,0,0,0,0,0,0,0,0,0,0,0,0,0,0,0,0,0,0,0,0,0,1101000000000010000000000000000100100000000000000000000000000,1873567814334283776,110
ATAAGGAAAGCCATATTAGGACA,1,1,0,1,0,1,1,1,1,1,1,1,1,0,0,1,1,1,0,0,0,1,0,0,1,1,0,0,1,1,1,1,0,1,1,0,0,0,0,0,1,0,0,1,1,0,1,0,0,1,0,0,1,1,1,1,1,0,0,0,0,1101011111111001110001001100111101100000100110100100111110000,1945335797789182448,111
ATAATAGACATAATAGCATCAGA,0,1,0,1,0,1,0,0,1,0,0,0,1,1,0,0,0,0,1,0,0,0,0,0,1,0,1,0,0,0,1,0,0,0,1,0,0,0,0,0,1,0,1,0,0,0,1,0,0,0,0,1,0,0,1,0,1,0,0,0,0,0101010010001100001000001010001000100000101000100001001010000,761535034578715216,112
ATAATAGAGGAGCTAATAAAAAA,1,0,0,0,0,0,0,0,0,0,0,0,0,0,1,0,0,0,0,0,0,0,0,0,0,0,0,0,0,0,0,0,0,0,0,0,0,0,0,0,0,0,0,0,0,0,0,0,0,0,0,0,0,0,0,0,0,0,0,0,0,1000000000000010000000000000000000000000000000000000000000000,1152991873351024640,113
ATAATGATGCAGAGAGGCAATTT,1,0,0,0,0,0,0,0,0,1,0,0,0,0,1,0,0,1,0,0,0,1,0,0,0,0,0,0,0,0,0,1,0,1,0,0,0,1,0,0,0,0,1,0,0,1,1,1,1,0,0,1,0,0,0,0,0,0,0,0,0,1000000001000010010001000000000101000100001001111001000000000,1155253019693347328,114
ATACTATTGACAAGAGATGGTGG,1,0,0,0,1,0,0,0,0,0,0,0,0,0,0,0,0,0,0,0,0,0,0,0,0,0,0,0,0,0,0,0,0,0,0,0,0,0,1,0,0,0,0,0,0,0,0,0,0,0,0,0,0,0,0,0,0,0,0,0,0,1000100000000000000000000000000000000010000000000000000000000,1224979098648969216,115
ATACTCACCTTTGTCTTTCCAGA,1,0,0,0,0,0,0,0,0,0,0,0,0,0,1,0,0,0,0,0,0,0,0,0,0,0,0,0,0,0,0,1,1,0,0,0,0,0,0,0,0,0,0,0,0,0,0,0,0,0,0,0,0,0,0,0,0,0,0,0,0,1000000000000010000000000000000110000000000000000000000000000,1152991874156331008,14
ATACTGCATTCACTATACCTAGT,0,1,0,0,0,1,0,0,1,0,1,0,1,1,0,0,0,0,0,0,0,0,0,0,1,0,1,0,0,0,1,0,0,0,1,0,0,0,0,0,0,0,1,0,0,0,0,0,0,0,0,0,0,0,1,0,1,1,0,0,0,0100010010101100000000001010001000100000001000000000001011000,618541348362125400,116
ATAGAAATTTGTGGAAAAAAGGC,1,1,1,1,0,0,0,1,0,0,0,0,0,1,1,0,0,1,0,1,0,1,1,1,0,0,0,0,0,1,0,1,0,1,0,1,0,0,0,0,0,0,1,0,0,0,1,0,0,1,0,0,0,0,1,0,0,0,0,0,0,1111000100000110010101110000010101010000001000100100001000000,2170958086666471488,117
ATAGACATCATTATGAAAGCCAG,1,0,0,0,0,0,0,0,0,0,0,0,0,0,1,0,0,0,0,0,0,0,0,0,0,0,0,0,0,0,0,1,0,0,0,0,0,0,0,0,0,0,0,0,0,0,0,0,0,0,0,0,0,0,0,0,0,0,0,0,0,1000000000000010000000000000000100000000000000000000000000000,1152991873887895552,0
ATAGAGGAGCTAATAAAAAAGGA,1,0,0,0,0,0,0,0,0,0,0,0,0,0,1,0,0,0,0,0,0,0,0,0,0,0,0,0,0,0,0,0,0,0,0,0,0,0,0,0,0,0,0,0,0,0,0,0,0,0,0,0,0,0,0,0,0,0,0,0,0,1000000000000010000000000000000000000000000000000000000000000,1152991873351024640,113
ATAGCCCGAGAACTGCATCCAGA,1,0,0,0,0,0,0,0,0,0,0,0,0,0,0,0,0,0,0,0,0,0,0,0,0,0,0,0,0,0,0,0,0,0,0,0,0,0,0,0,0,0,0,0,0,0,0,0,0,0,0,0,0,0,0,0,0,0,0,0,0,1000000000000000000000000000000000000000000000000000000000000,1152921504606846976,22
ATATATGAGATACTTACAGAATC,1,0,0,0,0,0,0,0,0,0,0,0,0,0,0,0,0,0,0,0,0,0,0,0,0,0,0,0,0,0,0,1,0,0,0,0,0,0,0,0,0,0,0,0,0,0,0,0,0,0,0,0,0,0,0,0,0,0,0,0,0,1000000000000000000000000000000100000000000000000000000000000,1152921505143717888,83
ATATGGCAATTAGATTGTACACA,1,1,0,0,1,0,1,1,1,1,1,1,1,0,0,0,1,0,0,0,0,0,1,1,1,0,1,0,1,1,0,0,0,0,1,0,1,0,0,0,1,1,0,1,0,1,1,0,0,1,0,1,1,1,1,1,1,1,0,0,0,1100101111111000100000111010110000101000110101100101111111000,1837205269920795640,118
ATATTTATAATGATAGTAGGAGG,1,1,0,1,0,1,0,0,0,0,1,0,1,1,1,1,0,0,1,0,0,1,0,1,1,1,1,0,0,0,1,1,1,1,1,1,0,0,0,0,1,0,1,1,0,0,1,1,0,0,0,0,0,0,1,0,0,0,0,0,0,1101010000101111001001011110001111110000101100110000001000000,1911185115109023808,119
ATCAGAAGAACTTAAATCATTAT,1,1,1,0,0,1,0,0,1,0,0,0,0,0,1,0,0,0,1,0,1,0,0,0,0,0,0,1,1,0,0,1,0,0,1,1,1,0,1,1,1,0,0,0,1,0,0,0,1,0,0,1,0,0,0,0,0,0,0,0,0,1110010010000010001010000001100100111011100010001001000000000,2058220909557256704,120
ATCATACTTCCATGCAGGATAAA,1,0,0,0,0,0,0,0,0,0,0,0,0,0,0,0,0,0,0,0,0,0,0,0,0,0,0,0,0,0,0,0,1,0,0,0,0,0,0,0,0,0,0,0,0,0,0,0,0,0,0,0,0,0,0,0,0,0,0,0,0,1000000000000000000000000000000010000000000000000000000000000,1152921504875282432,32
ATCCCAGCAGAAACAGGACAGGA,1,1,0,1,0,1,1,0,1,0,1,1,1,1,1,1,0,1,1,0,1,1,1,1,0,1,0,0,0,1,1,1,1,0,1,1,0,0,0,0,1,0,1,0,0,0,1,0,0,0,0,0,1,1,1,1,1,0,0,0,0,1101011010111111011011110100011110110000101000100000111110000,1934276149795635696,121
ATCCCTCAGACCACTCTAGACTG,1,1,0,1,0,0,0,0,0,0,0,0,0,0,0,0,0,0,0,0,0,0,0,0,0,0,0,0,0,0,0,0,0,0,0,0,0,0,0,0,1,0,0,0,0,0,1,0,0,0,0,0,0,0,0,0,0,0,0,0,0,1101000000000000000000000000000000000000100000100000000000000,1873497444987191296,122
ATCCGGGAAGTCAGCCTACAACT,1,0,0,1,0,0,0,0,0,0,0,0,0,0,1,0,0,0,0,0,0,0,0,0,0,0,0,0,0,0,0,0,1,0,0,0,0,0,0,0,0,0,1,0,0,0,0,0,0,0,0,0,0,0,0,0,0,0,0,0,0,1001000000000010000000000000000010000000001000000000000000000,1297107061695578112,123
ATCCTTGACTTATGGGTCTATAA,1,0,0,0,0,0,0,0,0,0,0,0,0,0,1,0,0,0,0,0,0,0,0,0,0,0,0,0,0,0,0,1,0,0,0,0,0,0,0,0,0,0,0,0,0,0,0,0,0,0,0,0,0,0,0,0,0,0,0,0,0,1000000000000010000000000000000100000000000000000000000000000,1152991873887895552,0
ATCTGTAGAAATCAATTGTACCA,1,0,0,0,0,0,0,0,0,0,0,0,0,0,0,0,0,0,0,0,0,0,0,0,0,0,0,0,0,0,0,0,1,0,0,0,0,0,0,0,0,0,0,0,0,0,0,0,0,0,0,0,0,0,0,0,0,0,0,0,0,1000000000000000000000000000000010000000000000000000000000000,1152921504875282432,32
ATGACAAAAATCTTAGAGCCCTT,1,1,0,1,1,1,0,0,1,0,0,0,0,1,1,1,0,1,0,0,1,0,0,0,0,1,0,0,0,0,0,1,1,0,1,1,0,0,0,0,0,0,0,1,0,0,1,0,1,1,0,1,1,1,1,1,0,1,0,0,0,1101110010000111010010000100000110110000000100101101111101000,1986343657145523176,124
ATGAGAGAACCAAGGGGAAGTGA,0,1,1,1,0,1,1,1,1,1,0,0,0,0,0,0,0,0,1,0,1,1,0,0,0,0,1,0,0,1,1,0,0,1,0,1,0,1,0,0,0,0,1,0,0,1,1,1,1,1,0,1,0,1,0,1,0,0,0,0,0,0111011111000000001011000010011001010100001001111101010100000,1078618178646768288,125
ATGATACAGTATTAGAAGAAATA,1,1,0,1,0,0,0,1,1,0,1,0,0,0,0,0,0,1,0,0,0,0,0,0,0,0,1,0,0,1,0,1,0,0,0,0,1,0,0,0,0,0,1,0,1,1,0,0,0,1,0,1,0,0,1,1,1,1,0,0,0,1101000110100000010000000010010100001000001011000101001111000,1888142959749466744,126
ATGATGACAGCATGCCAGGGAGT,1,1,0,0,0,0,0,0,0,0,1,0,0,0,1,0,0,0,0,1,1,1,0,0,0,0,0,0,0,0,1,1,1,1,1,1,0,0,0,0,0,0,1,0,0,1,1,0,0,0,0,0,0,0,1,0,0,0,0,0,0,1100000000100010000111000000001111110000001001100000001000000,1730582375966228544,127
ATGCCAAAACCATAATAGTACAG,0,1,0,0,0,0,0,0,0,0,0,0,0,0,0,0,0,0,1,0,0,0,0,0,0,0,0,0,0,0,0,0,0,0,0,1,0,0,0,0,0,0,0,0,0,0,0,0,0,0,0,0,0,0,0,0,0,0,0,0,0,0100000000000000001000000000000000010000000000000000000000000,576465150383489024,128
ATGGCAGTCTAGCAGAAGAAGAG,1,1,0,0,0,0,0,0,0,1,0,0,0,1,0,0,0,0,0,0,0,0,0,0,0,0,1,1,1,0,0,0,1,0,0,0,0,0,0,0,0,0,0,0,0,0,0,0,1,0,0,1,0,0,0,0,0,0,0,0,0,1100000001000100000000000011100010000000000000001001000000000,1731774824545522176,129
ATGGGATATGAACTCCATCCTGA,1,1,0,0,0,0,0,0,0,0,0,0,0,0,1,0,0,1,0,0,0,1,0,0,1,1,0,0,0,0,0,1,1,0,1,1,0,0,0,1,0,0,0,0,0,0,1,0,0,0,0,0,0,0,0,1,0,1,0,0,0,1100000000000010010001001100000110110001000000100000000101000,1729462075490582568,130
ATGGGTGGCAAGTGGTCAAAAAG,0,1,0,0,1,0,0,0,1,0,0,1,1,0,0,0,0,0,0,0,0,1,0,0,0,1,0,0,0,0,0,0,0,1,1,0,0,1,1,0,0,0,1,0,0,0,0,0,1,0,0,1,1,1,0,0,1,1,0,0,0,0100100010011000000001000100000001100110001000001001110011000,653866955228582808,131
ATGTGATGCAACCTTTAGAAATA,0,1,0,0,0,0,0,0,0,0,0,0,0,0,0,0,0,0,0,0,0,0,0,0,0,0,0,0,0,0,0,0,0,0,0,1,0,0,0,0,0,0,0,0,0,0,0,0,0,0,0,0,0,0,0,0,0,0,0,0,0,0100000000000000000000000000000000010000000000000000000000000,576460752336977920,132
ATGTGGAAAAATAACATGGTAGA,1,1,0,1,1,1,0,0,1,0,0,1,0,1,0,0,1,1,1,1,0,1,1,1,1,1,1,1,1,0,0,0,0,0,1,1,0,1,1,1,1,1,1,0,1,0,1,1,1,0,0,0,1,1,1,0,0,1,0,0,0,1101110010010100111101111111100000110111111010111000111001000,1986825203794932168,133
ATTAACAACACCAAAAAGGATAA,1,0,0,0,0,0,0,0,0,0,0,0,0,0,1,0,0,0,0,0,0,0,0,0,0,0,0,0,0,0,0,0,1,0,0,0,0,0,0,0,0,0,0,0,0,0,0,0,0,0,0,0,0,0,0,0,0,0,0,0,0,1000000000000010000000000000000010000000000000000000000000000,1152991873619460096,24
ATTAGTAACACCAACAAGGACAA,0,1,0,0,0,0,0,0,0,0,0,0,0,0,0,0,0,0,0,0,0,0,0,0,0,0,0,0,0,0,0,0,0,0,0,0,0,0,0,0,0,0,0,0,0,0,0,0,0,0,0,0,0,0,0,0,0,0,0,0,0,0100000000000000000000000000000000000000000000000000000000000,576460752303423488,56
ATTATGGAAAACAGATGGCAGGT,1,1,1,0,1,1,0,0,1,0,1,1,1,1,1,1,1,1,1,1,1,0,1,1,1,1,1,1,1,0,0,1,1,1,1,1,1,1,1,1,1,0,1,1,1,0,1,1,1,1,1,1,1,1,1,1,1,1,1,1,1,1110110010111111111110111111100111111111101110111111111111111,2132453870582333439,134
ATTCCACCAGGCCAGATGAGGGA,1,1,0,0,0,0,0,0,0,0,0,0,0,0,1,1,0,0,0,0,0,0,0,0,0,1,0,0,1,0,0,1,0,0,0,0,0,0,1,0,0,0,0,0,0,0,0,0,0,0,0,0,1,0,0,0,0,0,0,0,0,1100000000000011000000000100100100000010000000000000100000000,1729487849222308096,135
ATTGCACACATCTAGAAGGAAAA,1,0,0,0,0,0,0,0,0,0,0,0,0,0,1,1,0,0,1,0,0,1,0,0,0,0,0,0,0,0,0,1,1,1,0,1,0,0,0,0,0,0,1,0,0,0,1,1,0,0,0,0,0,0,0,0,0,0,0,0,0,1000000000000011001001000000000111010000001000110000000000000,1153032006498803712,136
ATTGGGGGGTACAGTGCAGGGGA,1,1,1,1,1,1,1,1,1,1,1,0,1,1,1,0,0,1,1,1,0,1,0,1,1,1,1,0,1,1,1,1,1,1,1,1,0,1,0,1,1,1,1,0,1,1,1,0,1,1,0,1,1,1,1,1,0,1,0,0,0,1111111111101110011101011110111111110101111011101101111101000,2305225899701558248,137
ATTTCAAAAATTGGGCCTGAAAA,0,1,1,1,0,1,0,0,1,0,1,1,1,0,0,1,1,1,0,1,0,1,1,1,0,0,0,1,1,1,1,1,1,1,1,0,1,1,1,1,1,1,1,1,1,1,1,1,1,0,0,1,1,0,1,0,1,1,0,0,0,0111010010111001110101110001111111101111111111111001101011000,1051373788907696984,138
ATTTTAAAGTGTAATGATAAGAA,1,0,0,0,0,0,0,0,0,0,0,0,0,0,0,0,0,0,0,0,0,0,0,0,0,0,0,0,0,0,0,1,0,0,0,0,0,0,0,0,0,0,0,0,0,0,0,0,0,0,0,0,0,0,0,0,0,0,0,0,0,1000000000000000000000000000000100000000000000000000000000000,1152921505143717888,83
ATTTTGGACATAAGACAAGGGCC,1,1,0,0,0,0,0,0,1,0,0,1,0,0,1,0,1,1,1,0,0,1,0,0,1,1,1,1,1,0,0,1,1,0,1,1,1,0,1,0,0,1,0,0,0,0,0,1,0,1,0,0,1,1,1,0,0,1,0,0,0,1100000010010010111001001111100110111010010000010100111001000,1734550645388093896,139
ATTTTTCTATTGCAATACAACAC,1,0,0,1,0,0,0,0,0,0,0,0,0,0,0,0,0,0,0,0,0,0,0,0,0,0,0,0,0,0,0,0,0,0,0,0,0,0,0,0,0,0,0,0,0,0,0,0,0,0,0,0,0,0,0,0,0,0,0,0,0,1001000000000000000000000000000000000000000000000000000000000,1297036692682702848,140
CAAAGCCTAAAGCCATGTGTAAA,0,1,1,0,0,0,1,1,0,0,0,0,0,0,1,1,1,0,1,0,0,1,0,0,0,1,0,1,0,1,0,0,0,1,1,1,0,1,1,0,0,0,1,0,1,0,1,1,1,1,0,0,1,0,0,0,0,0,0,0,0,0110001100000011101001000101010001110110001010111100100000000,891840864668973312,141
CAACAAATAATAGAACAGTTACA,1,1,0,0,0,0,0,0,0,0,0,0,0,0,0,0,0,0,0,0,0,1,0,0,0,0,0,0,0,0,0,1,1,0,1,0,0,0,0,0,0,0,1,0,0,1,0,0,0,0,0,0,0,0,0,0,0,0,0,0,0,1100000000000000000001000000000110100000001001000000000000000,1729382807538794496,142
CAACTGCCTGTTACACCCCATGA,1,0,0,0,0,0,0,0,0,0,0,0,0,0,1,0,0,0,0,0,0,0,0,0,0,0,0,0,0,0,0,1,0,0,0,0,0,0,0,0,0,0,0,0,0,0,0,0,0,0,0,0,0,0,0,0,0,0,0,0,0,1000000000000010000000000000000100000000000000000000000000000,1152991873887895552,0
CAATACATGGATGACTTGTATGT,1,0,0,0,0,0,0,1,0,0,1,0,1,0,1,0,1,0,0,0,0,1,0,0,1,1,0,0,0,0,0,1,0,0,0,0,1,0,0,0,0,0,1,1,0,0,1,1,0,0,0,0,0,0,0,0,0,0,0,0,0,1000000100101010100001001100000100001000001100110000000000000,1163424693064458240,143
CAATAGTAGGACTGATAGTAGCG,1,0,0,0,0,0,0,0,0,0,0,0,0,0,0,0,0,0,0,0,0,1,0,0,0,0,0,0,0,0,0,1,0,0,0,0,0,0,0,0,0,0,0,0,0,0,0,0,0,0,0,0,0,0,0,0,0,0,0,0,0,1000000000000000000001000000000100000000000000000000000000000,1152922054899531776,144
CAATATGCATTAGGAATCATTCA,1,0,1,0,0,0,0,0,1,0,0,1,0,0,1,0,0,0,0,1,1,0,1,1,0,0,0,0,0,0,0,1,0,0,0,1,0,1,1,0,0,0,0,0,0,0,0,0,1,0,0,1,1,0,0,1,0,0,0,0,0,1010000010010010000110110000000100010110000000001001100100000,1446292510518285088,145
CAATGGACATATCAAATTTATCA,1,1,1,0,1,0,0,0,1,1,0,1,1,0,1,1,1,1,1,1,1,1,1,1,1,1,0,1,1,0,0,1,1,1,1,1,1,1,1,1,1,1,0,1,0,0,1,1,1,0,0,1,1,1,1,1,1,0,0,0,0,1110100011011011111111111101100111111111110100111001111110000,2097410768557994992,146
CAATTGCTGTTAAATGGCAGTCT,1,0,0,0,0,0,0,0,0,0,0,0,0,0,0,0,0,0,0,0,0,1,0,0,0,0,0,0,0,0,0,0,1,0,1,1,0,0,0,0,0,0,0,0,0,0,0,0,1,0,0,0,0,0,0,0,0,0,0,0,0,1000000000000000000001000000000010110000000000001000000000000,1152922054731763712,147
CACAAAGGGATTGGAGGAAATGA,1,1,0,1,1,1,0,0,0,1,0,1,1,1,0,1,1,1,1,1,1,0,1,1,1,1,0,0,1,0,1,1,1,0,0,0,1,0,0,1,1,1,1,1,1,0,0,1,0,0,0,0,1,0,1,1,0,0,0,0,0,1101110001011101111110111100101110001001111110010000101100000,1984890589098746208,148
CACAGCAATTGGAGAGCAATGGC,0,1,0,0,0,0,1,1,1,1,0,0,1,0,0,0,0,0,1,1,0,0,0,1,1,1,1,0,0,1,0,0,0,0,1,1,1,0,0,0,1,1,1,1,0,1,1,1,0,1,0,1,0,1,1,0,1,0,0,0,0,0100001111001000001100011110010000111000111101110101011010000,610526081520167632,149
CACATGAGACAGAAGTGCACAAT,1,0,0,0,0,0,0,0,0,0,0,0,0,0,0,0,0,0,0,0,0,0,0,0,0,0,0,0,0,0,0,0,1,0,0,0,0,0,0,0,0,0,0,0,0,0,0,0,0,0,0,0,0,0,0,0,0,0,0,0,0,1000000000000000000000000000000010000000000000000000000000000,1152921504875282432,32
CAGAGAACAGGGAGATTCTAAAA,1,1,0,1,0,0,0,0,1,0,0,0,0,0,1,0,0,0,0,0,0,0,0,0,0,0,0,0,0,0,0,1,0,0,0,0,0,0,0,0,0,0,1,0,0,0,1,0,0,0,0,0,1,0,1,0,1,0,0,0,0,1101000010000010000000000000000100000000001000100000101010000,1878071413894824272,150
CAGAGAGGCAATTTTAAGGGCCA,1,0,0,0,0,0,0,0,1,0,0,0,0,0,1,0,0,0,0,0,0,1,0,0,0,0,0,0,0,0,0,1,1,1,0,0,0,0,0,0,0,0,1,0,0,1,1,0,0,0,0,0,0,0,0,0,0,0,0,0,0,1000000010000010000001000000000111000000001001100000000000000,1157496023674044416,151
CAGCACAGAACAAAAATAGAGGA,1,0,0,0,0,0,0,0,0,0,0,0,0,0,1,0,0,0,0,0,0,0,0,0,0,0,0,0,0,0,0,1,0,0,0,0,0,0,0,0,0,0,0,0,0,0,0,0,0,0,0,0,0,0,0,0,0,0,0,0,0,1000000000000010000000000000000100000000000000000000000000000,1152991873887895552,0
CAGCCTACAACTGCTTGTAGCAA,1,1,0,0,0,0,0,0,0,0,0,0,0,0,1,0,0,0,0,0,0,0,0,0,0,0,0,0,0,0,0,0,1,0,0,0,0,0,0,0,1,0,0,0,0,0,0,0,0,0,0,0,0,0,0,0,0,0,0,0,0,1100000000000010000000000000000010000000100000000000000000000,1729452625923932160,152
CAGGAGACAGCATACTTTCTGCT,1,0,0,0,0,0,0,0,0,0,0,0,0,0,1,0,0,0,1,0,0,0,0,0,0,0,0,0,0,0,0,1,1,1,0,0,0,0,0,0,0,0,0,0,0,0,1,0,0,0,0,0,0,0,0,0,0,0,0,0,0,1000000000000010001000000000000111000000000000100000000000000,1152996272337076224,153
CAGGATTCAGGATCAGAAGTAAA,1,1,0,1,0,1,0,0,1,1,0,1,1,0,1,0,1,0,1,0,0,1,0,0,1,1,1,0,1,1,1,1,1,1,0,0,0,0,0,0,0,0,1,1,0,1,1,0,0,1,0,0,1,1,0,0,0,1,0,0,0,1101010011011010101001001110111111000000001101100100110001000,1917219103824071048,154
CAGGGAGAAGAGGCAGGAATGGA,1,0,0,0,0,0,0,0,0,0,1,0,0,0,1,0,0,0,0,0,0,0,0,0,0,0,0,0,0,0,0,1,1,0,0,0,0,0,0,0,0,0,0,0,0,0,0,0,0,0,0,0,0,0,0,0,0,0,0,0,0,1000000000100010000000000000000110000000000000000000000000000,1154117774063173632,77
CAGTGTTAGTAGGACCTACACCT,1,1,0,1,0,0,0,0,0,0,1,1,0,0,1,0,0,0,0,0,1,1,0,0,0,0,1,1,0,0,0,0,0,0,1,0,0,0,0,0,0,0,0,0,0,1,0,0,0,0,0,1,1,0,0,0,0,1,0,0,0,1101000000110010000011000011000000100000000001000001100001000,1875258338694955784,155
CATAAAGCAAGGGTTTTGGCTGA,1,1,0,0,0,0,0,0,0,0,1,0,0,0,1,1,0,0,0,0,0,0,0,0,0,0,0,0,0,0,0,1,1,0,0,0,0,0,0,0,0,0,1,0,0,1,0,1,0,0,0,0,0,0,0,0,0,1,0,0,0,1100000000100011000000000000000110000000001001010000000001000,1730613710738989064,156
CATAGTTTTAATTGTGGAGGAGA,0,1,0,0,0,1,0,0,1,0,0,0,1,0,0,1,0,0,1,0,0,0,0,0,1,0,0,0,0,0,1,0,0,1,1,1,0,0,0,0,0,0,1,0,0,0,1,1,0,0,0,0,0,0,0,1,1,0,0,0,0,0100010010001001001000001000001001110000001000110000000110000,617314276373454896,157
CATATTAGGACAAGTAGTTAGAC,1,1,0,0,0,0,0,0,0,0,0,0,0,0,1,0,0,0,0,0,0,0,0,0,0,0,0,0,0,0,0,1,1,0,0,0,0,0,0,0,1,0,0,0,0,0,0,0,0,0,0,0,0,0,0,0,0,0,0,0,0,1100000000000010000000000000000110000000100000000000000000000,1729452626460803072,158
CATCAGAGGGAACCCGACAGGCC,1,0,0,0,0,0,0,0,0,0,0,0,0,0,0,0,0,0,0,0,0,0,0,0,0,0,0,0,0,0,0,0,0,0,1,0,0,0,0,0,0,0,0,0,0,0,0,0,0,0,0,0,0,0,0,0,0,0,0,0,0,1000000000000000000000000000000000100000000000000000000000000,1152921504673955840,159
CATGCAGGGCCTATTCCACCAGG,1,1,0,1,0,1,0,0,0,0,1,0,0,0,1,1,0,0,0,0,0,0,0,0,0,0,0,0,0,0,0,1,0,0,0,1,0,0,1,0,0,0,1,0,0,1,1,1,0,0,0,0,0,0,0,1,0,0,0,0,0,1101010000100011000000000000000100010010001001110000000100000,1910757695603138592,160
CATGCCTGTGTACCCACAGACCC,1,1,0,1,0,0,1,1,0,0,1,0,1,1,1,1,1,1,1,0,0,1,0,0,1,1,1,1,1,1,0,1,0,1,1,1,0,1,1,1,1,0,1,0,1,0,1,1,1,1,0,0,1,0,1,1,0,0,0,0,0,1101001100101111111001001111110101110111101010111100101100000,1902204180399225184,161
CATGGGGTCTCCATAGAATGGAG,0,1,0,0,0,0,0,0,0,1,0,0,0,1,0,0,0,1,1,0,1,1,0,0,0,0,0,0,0,0,0,0,0,1,0,1,0,0,0,0,0,0,1,0,0,0,1,1,0,0,0,0,0,0,1,0,0,0,0,0,0,0100000001000100011011000000000001010000001000110000001000000,578868133180497984,162
CATTTTCCTAGGCCCTGGCTCCA,1,0,0,0,0,0,0,0,1,0,0,0,0,1,1,0,0,0,0,0,0,0,0,1,1,0,1,0,0,0,0,1,1,0,0,0,0,0,0,0,0,0,0,0,0,0,0,0,0,0,0,0,0,0,1,0,0,0,0,0,0,1000000010000110000000011010000110000000000000000000001000000,1157636434610356288,163
CCAAAATGCGAATCCAGACTGTA,1,1,0,1,0,0,0,0,1,0,0,0,0,0,1,0,0,0,0,0,0,0,0,0,0,0,0,0,0,0,0,1,1,0,0,1,0,0,0,0,0,0,1,0,0,1,0,0,0,0,0,0,0,0,0,0,0,0,0,0,0,1101000010000010000000000000000110010000001001000000000000000,1878071414196830208,164
CCAAAGGTAAGTTCAGAAGTACA,1,0,0,0,0,0,0,0,0,0,0,0,0,0,1,0,0,0,1,0,0,1,0,0,0,0,0,0,0,0,0,1,0,0,0,0,0,0,0,0,0,0,0,0,0,0,0,0,0,1,0,0,0,0,0,0,0,0,0,0,0,1000000000000010001001000000000100000000000000000100000000000,1152996821690222592,165
CCACAGACCCCAACCCACAAGAA,1,1,0,1,1,1,1,1,0,1,0,0,1,1,1,1,0,1,1,0,0,1,0,1,1,0,0,0,0,0,1,1,1,1,0,1,0,0,0,0,1,0,1,0,1,0,0,1,1,1,0,0,1,0,0,1,0,0,0,0,0,1101111101001111011001011000001111010000101010011100100100000,2011398951304247584,166
CCACAGGGATGGAAAGGATCACC,1,1,1,1,0,1,1,1,1,0,1,1,1,1,1,1,1,1,1,0,1,1,0,1,1,0,1,1,1,1,1,1,1,0,1,0,1,1,0,1,1,1,1,0,1,1,1,1,1,1,0,1,0,0,1,1,1,1,0,0,0,1111011110111111111011011011111110101101111011111101001111000,2231531106929080952,167
CCAGACCCCTTCCCATCATCAGA,1,0,0,0,0,0,0,0,0,0,0,0,0,0,0,0,0,0,0,0,0,0,0,0,0,0,0,0,0,0,0,0,0,0,0,0,0,0,0,0,0,0,0,0,0,0,0,0,0,0,0,0,0,0,0,0,0,0,0,0,0,1000000000000000000000000000000000000000000000000000000000000,1152921504606846976,22
CCAGGGATCAGATTCCCACTGTG,1,0,0,0,0,0,0,0,0,0,0,0,0,0,1,0,0,0,0,0,0,0,0,0,0,0,0,0,0,0,0,0,0,0,0,0,0,0,0,0,0,0,0,0,0,0,0,0,0,0,0,0,0,0,0,0,0,0,0,0,0,1000000000000010000000000000000000000000000000000000000000000,1152991873351024640,113
CCAGTGAAAGTAATACACACAGA,0,1,0,0,0,0,0,0,0,0,0,0,0,0,0,0,0,0,0,0,0,0,0,0,0,0,0,0,0,0,0,0,0,0,0,0,0,0,0,0,0,0,0,0,0,0,0,0,0,0,0,0,0,0,0,0,0,0,0,0,0,0100000000000000000000000000000000000000000000000000000000000,576460752303423488,56
CCAGTGGGAGAAATCTATAAAAG,1,1,0,1,0,1,0,0,1,0,0,1,0,0,0,1,1,0,0,0,0,1,0,0,0,0,0,1,1,0,0,0,0,0,0,0,1,1,1,0,0,1,0,1,0,1,0,1,0,0,0,0,0,0,1,0,0,1,0,0,0,1101010010010001100001000001100000001110010101010000001001000,1914646130814787656,168
CCAGTGGGAGACATCTATAAAAG,1,1,1,0,0,0,0,0,0,0,0,0,0,0,1,0,0,0,0,0,0,0,0,0,0,0,0,0,1,0,1,1,1,0,0,1,0,0,0,0,0,0,1,0,0,0,1,0,0,1,0,0,1,0,0,1,0,0,0,0,0,1110000000000010000000000000101110010000001000100100100100000,2017683008014010656,169
CCATTGACAGAAGAAAAAATAAA,1,1,0,1,1,0,0,1,1,1,1,1,1,1,1,1,1,0,1,1,1,0,1,1,1,1,1,1,1,1,0,1,0,1,1,0,1,1,1,1,0,0,1,1,0,1,1,1,1,1,0,1,1,1,1,1,1,1,0,0,0,1101100111111111101110111111110101101111001101111101111111000,1963560090307329016,170
CCCATACAAAGAGAAACATGGGA,1,1,0,0,0,0,0,0,0,0,0,0,0,0,0,0,0,0,0,0,0,0,0,0,0,0,0,0,0,0,0,0,0,0,0,1,0,0,0,0,0,0,0,0,0,0,0,0,0,0,0,0,0,0,0,0,1,0,0,0,0,1100000000000000000000000000000000010000000000000000000010000,1729382256943824912,171
CCGGGAAGTCAGCCTACAACTGC,1,1,0,1,0,0,0,0,0,0,0,0,0,0,1,0,0,0,0,0,0,0,0,0,0,0,0,0,0,0,0,0,1,0,0,0,0,0,0,0,1,0,1,0,0,0,0,0,0,0,0,0,0,0,0,0,0,0,0,0,0,1101000000000010000000000000000010000000101000000000000000000,1873567814000050176,172
CCTACAATATTTGGCACTGAAAG,1,0,0,0,0,0,0,0,0,0,0,0,0,0,1,0,0,0,0,0,0,0,0,0,0,0,0,0,0,0,0,1,1,0,0,0,0,0,0,0,0,0,0,0,0,0,0,0,0,0,0,0,0,0,0,0,0,0,0,0,0,1000000000000010000000000000000110000000000000000000000000000,1152991874156331008,14
CCTCCAACAATACAAGAACAAGT,1,0,0,0,0,0,0,0,0,0,0,0,0,0,0,0,0,0,0,0,0,0,0,0,0,0,1,0,0,0,0,0,1,0,0,0,0,0,0,0,0,0,0,0,0,0,0,0,0,0,0,0,0,0,0,0,0,0,0,0,0,1000000000000000000000000010000010000000000000000000000000000,1152921522055151616,173
CCTCCAGCAGCAGAAGGAGTAGG,1,0,0,0,0,0,0,0,0,0,0,0,0,0,0,0,0,0,0,0,0,0,0,0,0,0,0,0,0,0,0,1,1,0,0,0,0,0,0,0,0,0,0,0,0,0,0,1,0,0,0,0,0,0,0,0,0,0,0,0,0,1000000000000000000000000000000110000000000000010000000000000,1152921505412161536,174
CCTGACAAATGGACAGTCCAGCC,0,1,0,0,0,0,0,0,0,0,0,0,0,0,1,1,0,1,0,0,0,1,0,0,1,1,0,0,0,1,0,1,1,0,1,0,0,0,0,0,0,0,0,0,0,0,1,1,0,0,0,0,0,0,0,0,0,0,0,0,0,0100000000000011010001001100010110100000000000110000000000000,576575757367664640,175
CCTGACCTAGCAGACCAACTGAT,1,1,0,0,0,0,0,0,0,0,0,0,0,0,0,0,0,0,0,0,0,0,0,1,0,0,0,0,0,0,0,1,0,0,1,0,0,0,1,0,1,0,1,0,0,0,0,0,0,0,0,0,0,0,1,0,0,0,0,0,0,1100000000000000000000010000000100100010101000000000001000000,1729382394958708800,176
CCTGATTGGCAAAACTACACACC,1,0,0,1,1,1,1,0,0,1,1,0,1,0,1,0,0,0,0,0,0,1,0,0,0,0,0,0,1,1,0,1,1,0,1,0,0,0,0,0,0,0,0,0,0,0,0,0,0,1,0,1,0,0,0,0,1,1,0,0,0,1001111001101010000001000000110110100000000000000101000011000,1426867582761175576,177
CCTGGCTCTGGAAAGATACCTAA,0,1,0,0,0,1,0,0,0,0,0,0,0,0,0,0,1,0,0,0,0,0,0,0,0,0,0,0,0,0,0,0,0,0,1,0,0,0,0,0,0,0,0,0,0,0,0,0,0,0,0,0,0,0,1,0,0,0,0,0,0,0100010000000000100000000000000000100000000000000000001000000,612507141575540800,178
CCTGTGCCTCTTCAGCTACCACC,1,1,0,1,1,1,1,0,1,1,1,1,1,1,1,1,1,1,1,1,1,1,1,1,1,1,0,1,1,0,1,1,1,1,1,1,0,0,1,0,1,0,1,0,1,0,1,1,1,1,0,1,0,0,1,0,0,0,0,0,0,1101111011111111111111111101101111110010101010111101001000000,2008605414451935808,179
CCTTCCAACAAGGGAAGGCCGGG,1,0,0,0,0,0,0,0,0,0,0,0,0,0,1,0,0,0,0,0,0,0,0,0,0,0,0,0,0,0,0,0,1,0,0,0,1,0,0,0,0,0,0,0,0,0,0,0,0,0,0,0,0,0,0,0,0,0,0,0,0,1000000000000010000000000000000010001000000000000000000000000,1152991873636237312,180
CCTTTAGATGAAAGCTTTAGAAA,1,0,0,0,0,0,0,0,0,0,0,0,0,0,1,0,0,0,0,0,0,0,0,0,0,0,0,0,0,0,0,1,0,0,0,1,0,0,0,0,0,0,0,0,0,0,1,0,0,0,0,0,0,0,0,0,0,0,0,0,0,1000000000000010000000000000000100010000000000100000000000000,1152991873921466368,181
CGAAAGCGAAAGTTCCAGAGAAG,1,1,0,1,0,1,0,0,0,0,0,0,0,1,1,0,0,0,0,1,0,0,0,1,1,0,0,0,0,0,1,1,0,0,0,0,0,0,0,0,1,0,1,0,0,0,1,0,0,0,0,0,0,0,1,0,0,0,0,0,0,1101010000000110000100011000001100000000101000100000001000000,1909739755031248960,182
CGAAATATGTTGACTCAGATTGG,1,1,0,0,0,0,0,0,0,0,0,0,0,0,1,0,0,0,0,0,0,1,0,0,0,0,0,0,0,0,0,1,0,0,1,1,0,0,0,0,0,0,1,0,0,0,0,0,0,0,0,0,0,0,0,0,0,0,0,0,0,1100000000000010000001000000000100110000001000000000000000000,1729453176048058368,183
CGAAGAAGGAGGTGGCGAGCAAG,1,1,0,0,0,0,0,0,0,0,0,0,0,0,1,0,0,0,0,0,0,0,0,0,1,0,0,0,0,0,0,1,1,0,1,1,0,0,0,0,0,0,0,0,0,0,0,0,0,0,0,0,0,0,1,0,0,0,0,0,0,1100000000000010000000001000000110110000000000000000001000000,1729452695279894592,184
CGAATCCAGACTGTAAGTCCATT,1,1,0,0,0,0,0,0,0,0,0,0,0,0,1,0,0,0,0,0,0,0,0,0,0,0,0,0,0,0,0,1,1,0,0,1,0,0,0,0,0,0,0,0,0,0,0,0,0,0,0,0,0,0,0,0,0,0,0,0,0,1100000000000010000000000000000110010000000000000000000000000,1729452626493308928,91
CGGGAAATTTTCCTCAGAGCAGA,1,0,0,0,0,0,0,0,0,0,0,0,0,0,1,0,0,0,0,0,0,0,0,0,0,0,0,0,0,0,0,0,0,0,0,0,0,0,0,0,0,0,0,0,0,0,0,0,0,0,0,0,0,0,0,0,0,0,0,0,0,1000000000000010000000000000000000000000000000000000000000000,1152991873351024640,113
CTAAAGCCATGTGTAAAATTAAC,1,1,0,0,0,0,0,0,0,0,0,0,0,0,1,1,1,0,0,0,0,0,0,0,0,0,0,1,1,0,0,0,0,0,0,0,0,0,0,0,0,0,0,0,1,0,0,1,1,0,0,0,0,0,0,0,0,0,0,0,0,1100000000000011100000000001100000000000000010011000000000000,1729505415097561088,185
CTACGGAGCCTGTGCCTCTTCAG,1,0,0,0,0,0,0,0,0,0,0,0,0,1,1,1,0,0,1,0,0,0,0,0,0,0,0,1,1,0,0,1,1,0,0,0,0,0,1,0,0,0,0,0,1,0,1,1,0,0,0,0,0,1,1,0,0,0,0,0,0,1000000000000111001000000001100110000010000010110000011000000,1153172206952472768,186
CTAGCAGACCAACTGATTCATCT,1,1,0,0,0,0,0,0,0,0,0,0,0,0,0,0,0,0,0,0,0,0,0,0,0,0,0,0,0,0,0,1,0,0,0,0,0,0,1,1,0,0,1,0,0,0,0,0,0,0,0,0,0,0,1,0,0,0,0,0,0,1100000000000000000000000000000100000011001000000000001000000,1729382257453695040,187
CTAGGACTTTGGGGCTGCTCTGG,1,0,0,0,0,0,0,0,1,0,0,1,0,0,0,0,0,0,0,0,0,0,0,0,0,1,0,0,0,0,0,1,1,0,0,0,0,0,0,0,0,0,0,0,0,0,0,0,0,0,0,0,0,0,0,0,0,0,0,0,0,1000000010010000000000000100000110000000000000000000000000000,1157988089352683520,188
CTAGTGATTTTAATTTGCCACCT,1,0,0,0,0,0,0,0,0,0,0,0,0,0,1,0,0,0,0,0,0,0,0,0,0,0,1,0,0,0,0,1,1,0,0,0,0,0,0,0,0,0,0,1,0,0,0,0,0,0,0,0,0,1,0,0,0,0,0,0,0,1000000000000010000000000010000110000000000100000000010000000,1152991891336331392,189
CTAGTTGGAGTAATAAAACTTAT,0,1,0,0,0,1,0,0,0,0,0,0,0,0,0,0,0,0,0,0,0,0,0,0,0,0,0,0,0,0,0,0,0,0,1,0,0,0,0,1,0,0,0,0,0,0,0,0,0,0,0,0,0,0,1,0,0,0,0,0,0,0100010000000000000000000000000000100001000000000000001000000,612489549391593536,190
CTATAGTAGCAAAGGAAATAGTA,1,0,0,0,0,0,0,0,0,0,0,0,0,0,1,0,0,0,0,0,0,0,0,0,0,0,0,0,0,0,0,1,1,0,0,0,0,0,0,0,0,0,1,0,0,0,1,0,0,0,0,0,0,0,0,0,0,0,0,0,0,1000000000000010000000000000000110000000001000100000000000000,1152991874156609536,191
CTATTTTGTGCATCAGATGCCAA,1,0,0,0,0,0,0,0,0,0,0,0,0,0,0,0,0,0,0,0,0,1,0,0,0,0,0,0,0,0,0,1,1,0,1,0,0,0,0,0,0,0,0,0,0,0,0,0,0,0,0,0,0,0,0,0,0,0,0,0,0,1000000000000000000001000000000110100000000000000000000000000,1152922055235076096,192
CTATTTTTAGATGGGATAGATAA,1,0,0,1,0,0,0,0,0,0,1,0,0,0,1,0,0,0,1,0,0,0,0,0,0,0,0,0,0,0,0,0,1,1,0,1,0,0,0,0,0,0,1,0,1,0,1,1,0,0,0,0,0,0,0,0,0,0,0,0,0,1001000000100010001000000000000011010000001010110000000000000,1298237359816794112,193
CTCAGGAGGAGATCTAGAAATTA,1,0,0,0,0,0,0,0,0,0,0,0,0,0,0,0,0,0,0,0,0,0,0,0,0,0,0,0,0,0,0,1,1,0,0,0,0,0,0,0,0,0,0,0,0,0,0,0,0,0,0,0,0,0,0,0,0,0,0,0,0,1000000000000000000000000000000110000000000000000000000000000,1152921505412153344,29
CTCAGGTCAGGGAAAAAATAAAG,1,0,0,0,0,0,0,0,0,0,0,0,0,0,1,0,0,0,0,0,0,0,0,0,0,0,0,0,0,0,0,0,0,0,0,0,0,0,0,0,0,0,0,0,0,0,0,0,0,0,0,0,0,0,0,0,0,0,0,0,0,1000000000000010000000000000000000000000000000000000000000000,1152991873351024640,113
CTCCACATACCTAGAAGAATCAG,1,0,0,0,0,0,0,0,0,0,0,0,1,0,1,0,0,0,1,0,0,0,0,0,0,0,0,0,0,0,0,1,1,0,0,1,0,0,0,0,0,0,1,0,0,0,1,0,0,0,0,0,0,0,0,0,0,0,0,0,0,1000000000001010001000000000000110010000001000100000000000000,1153277747213385728,194
CTCCTATGGCAGGAAGAAGCGGA,1,1,1,1,1,0,0,0,1,0,0,1,1,1,1,1,1,0,1,1,1,1,1,1,1,0,0,1,1,0,0,1,1,1,1,1,1,1,1,1,1,1,1,1,1,0,1,1,1,0,0,1,1,1,1,0,0,0,0,0,0,1111100010011111101111111001100111111111111110111001111000000,2239406063856088000,195
CTGAAAATCCATACAATACTCCA,1,1,1,1,1,1,0,0,0,1,0,1,0,0,1,0,1,0,0,0,1,1,0,0,1,0,0,1,1,0,1,1,1,1,0,0,1,1,0,1,0,1,1,1,1,1,1,1,1,0,0,1,1,0,1,0,0,0,0,0,0,1111110001010010100011001001101111001101011111111001101000000,2272718655805453120,196
CTGGAACTCCACTTGGAGTAATA,1,0,0,0,0,0,0,0,0,0,0,0,0,0,0,0,0,0,0,0,0,0,0,0,0,0,0,0,0,0,0,1,0,0,0,0,0,0,0,0,0,0,0,0,0,0,0,0,0,0,0,0,0,0,0,0,0,0,0,0,0,1000000000000000000000000000000100000000000000000000000000000,1152921505143717888,83
CTGGCTGTGGAAAGATACCTAAA,1,0,0,0,1,1,0,0,1,0,0,1,1,1,1,0,1,0,0,0,0,1,0,0,0,1,1,0,0,0,0,1,1,1,0,0,1,1,0,0,0,1,1,1,1,0,0,1,1,0,0,1,1,1,1,0,1,0,0,0,0,1000110010011110100001000110000111001100011110011001111010000,1266585220900926416,197
CTGTACTGGGTCTCTCTTGCTAG,0,1,0,0,0,0,0,0,0,0,0,0,0,1,0,0,0,0,0,0,0,0,0,0,0,0,0,0,0,0,0,0,0,0,0,1,0,0,0,0,0,0,0,0,0,0,0,0,0,0,0,0,0,0,1,0,0,0,0,0,0,0100000000000100000000000000000000010000000000000000001000000,576601489825333312,198
CTGTGCCTCTTCAGCTACCACCG,1,1,0,0,1,0,1,0,1,1,1,0,1,1,1,1,1,1,1,1,1,1,1,1,1,1,0,1,1,0,1,1,1,1,1,1,0,0,1,0,1,0,1,0,0,0,1,1,1,1,0,1,0,0,1,0,0,0,0,0,0,1100101011101111111111111101101111110010101000111101001000000,1827898479403629120,199
CTTAGGACAGTACATCTATAACA,1,0,0,0,0,0,0,0,0,0,0,0,0,0,0,0,0,0,0,0,0,0,0,0,0,0,0,0,0,0,0,0,0,0,0,0,0,0,0,0,0,0,0,0,0,0,0,0,0,0,0,0,0,0,0,0,0,0,0,0,0,1000000000000000000000000000000000000000000000000000000000000,1152921504606846976,22
GAAAAAATAAAAGCATTAACAGA,1,1,0,0,1,0,0,0,1,0,1,1,1,1,1,1,1,0,1,0,1,1,0,0,1,1,0,0,0,0,0,0,0,1,0,0,1,0,1,0,0,0,1,1,0,1,1,1,0,0,0,1,1,1,1,1,1,1,0,0,0,1100100010111111101011001100000001001010001101110001111111000,1808183808752018424,200
GAAAAAATTCGGTTACGGCCAGG,1,0,0,0,1,1,0,0,0,1,0,1,0,0,1,1,0,0,1,0,1,0,0,0,0,0,0,0,0,0,0,1,1,0,0,0,1,0,0,0,0,0,0,0,0,0,0,0,0,0,0,1,0,0,0,0,0,0,0,0,0,1000110001010011001010000000000110001000000000000001000000000,1263933696927334912,201
GAAAGCCAGCATCCAAAGGTAAG,1,0,0,0,0,0,0,0,0,0,0,0,0,0,1,0,0,0,0,0,0,0,0,0,0,0,0,0,0,0,0,1,0,0,0,0,0,0,0,0,0,0,0,0,0,0,0,0,0,0,0,0,0,0,0,0,0,0,0,0,0,1000000000000010000000000000000100000000000000000000000000000,1152991873887895552,0
GAAATTGCAGGGCCCCTAGAAAA,1,0,0,0,0,1,0,0,0,0,1,0,0,1,1,1,1,1,0,0,0,0,0,0,1,0,0,1,1,0,0,1,1,1,0,1,1,0,1,0,0,0,0,1,0,0,0,0,0,0,0,0,1,1,1,1,0,1,0,0,0,1000010000100111110000001001100111011010000100000000111101000,1190348963014902248,202
GAACAAAAATAGAGGAGCTAAGA,1,0,0,0,0,0,0,0,0,0,0,0,0,0,1,0,0,0,0,0,0,0,0,0,0,0,0,0,0,0,0,0,1,0,0,0,1,0,0,0,0,0,0,0,0,0,0,0,0,0,0,0,0,0,0,0,0,0,0,0,0,1000000000000010000000000000000010001000000000000000000000000,1152991873636237312,180
GAACACCTTAAGACAGCAGTACA,1,1,0,1,0,1,0,0,1,0,0,0,1,1,1,1,0,0,1,1,1,1,1,1,1,1,1,0,0,0,0,1,0,1,1,1,1,0,0,0,1,0,1,0,0,1,0,1,0,0,0,1,0,0,1,1,1,0,0,0,0,1101010010001111001111111110000101111000101001010001001110000,1914566386916827760,203
GAACAGGAGACATAATAGGAGAT,1,0,0,0,0,0,0,0,0,0,0,0,0,0,0,0,0,0,0,0,0,0,0,0,0,0,0,0,0,0,0,1,0,0,0,0,0,0,0,0,0,0,0,0,0,0,0,0,0,0,0,0,0,0,0,0,0,0,0,0,0,1000000000000000000000000000000100000000000000000000000000000,1152921505143717888,83
GAACTACACACCAGGGCCAGGGA,1,1,0,0,1,0,0,0,0,0,0,1,0,1,0,0,1,0,1,1,0,0,1,1,0,0,0,1,0,0,0,0,0,0,0,0,1,0,1,0,0,0,0,1,0,0,0,0,1,0,0,0,1,1,1,0,0,0,0,0,0,1100100000010100101100110001000000001010000100001000111000000,1802168148573688256,204
GAAGAAATGATGACAGCATGCCA,1,1,0,0,0,0,0,0,0,0,1,0,0,0,1,0,0,0,0,1,1,1,0,0,0,0,0,0,0,0,1,1,1,1,1,1,0,0,0,0,0,0,1,0,1,1,1,0,0,0,0,0,0,0,1,0,0,0,0,0,0,1100000000100010000111000000001111110000001011100000001000000,1730582375966294080,205
GAAGCAGGAACCGAGGGACAAGG,0,1,0,1,0,0,0,0,0,0,0,0,0,0,0,0,0,0,0,0,0,0,0,0,0,0,0,0,0,0,0,0,0,0,0,1,0,0,0,0,0,0,0,0,0,0,0,0,0,0,0,0,0,0,0,0,0,0,0,0,0,0101000000000000000000000000000000010000000000000000000000000,720575940412833792,206
GAAGCGGAAGCACCGACGAGGAA,1,0,0,0,0,0,0,0,0,0,0,0,0,1,1,0,0,0,0,0,0,1,1,1,0,0,0,0,0,0,0,0,1,0,0,0,0,0,0,0,0,0,1,0,0,0,0,0,0,0,0,0,0,0,1,0,0,0,0,0,0,1000000000000110000001110000000010000000001000000000001000000,1153133573180751936,207
GAAGCTATGCATGGACAAGTAGA,1,0,0,0,0,0,0,0,0,0,0,0,0,0,1,0,1,0,1,0,0,0,0,0,0,0,0,0,0,0,0,1,0,0,0,0,0,0,0,0,0,0,0,0,0,0,0,0,0,0,0,0,0,0,0,0,0,0,0,0,0,1000000000000010101000000000000100000000000000000000000000000,1153013864120451072,208
GAAGGTCTCAAATATCTGGGGAA,1,0,0,0,0,0,0,0,0,0,0,0,0,0,0,0,0,0,0,0,0,0,0,0,0,0,0,0,0,0,0,0,0,0,0,0,0,0,0,0,0,0,0,0,0,0,0,0,0,0,0,0,0,0,0,0,0,0,0,0,0,1000000000000000000000000000000000000000000000000000000000000,1152921504606846976,22
GAAGTACATATCCCACTAGGAGA,1,0,0,0,0,0,0,0,0,0,0,0,0,0,1,0,0,0,0,0,0,0,0,0,0,0,0,0,0,0,0,1,0,0,0,0,0,0,0,0,0,0,0,0,0,0,0,0,1,0,0,0,0,0,0,0,0,0,0,0,0,1000000000000010000000000000000100000000000000001000000000000,1152991873887899648,209
GAATCTATGAATAAAGAATTAAA,1,1,0,1,0,1,0,0,1,0,0,0,1,0,1,1,1,0,1,1,1,0,1,1,1,1,1,0,0,0,0,0,0,0,1,1,0,1,0,1,1,0,1,0,0,0,0,1,1,1,1,1,0,1,1,1,1,1,0,0,0,1101010010001011101110111110000000110101101000011111011111000,1914442691181297400,210
GAATGGGAGTTTGTTAATACCCC,1,0,0,0,0,0,0,0,0,0,1,0,0,0,1,0,1,0,0,0,0,0,0,0,0,0,0,0,0,0,0,1,0,0,0,0,0,0,0,0,0,0,0,0,0,0,1,0,0,1,0,0,0,0,0,0,0,0,0,0,0,1000000000100010100000000000000100000000000000100100000000000,1154135365980801024,211
GACAAAAATCTTAGAGCCCTTTA,1,1,0,1,1,1,0,0,1,0,0,0,0,1,1,1,0,1,0,0,1,0,0,0,0,0,0,0,0,0,0,1,1,0,1,1,0,0,0,0,0,0,0,1,0,0,1,0,1,1,0,1,1,1,1,1,0,1,0,0,0,1101110010000111010010000000000110110000000100101101111101000,1986343622785784808,212
GACACCAGGCAGCAATGCAGATG,0,1,0,0,0,0,0,0,0,0,0,0,0,0,0,0,0,0,0,0,0,0,0,0,0,0,0,0,0,0,0,0,0,0,0,0,0,0,0,0,0,0,0,0,0,0,0,0,0,0,0,0,0,0,0,0,0,0,0,0,0,0100000000000000000000000000000000000000000000000000000000000,576460752303423488,56
GACAGATGGAACAAGCCCCAGAA,1,1,0,0,1,0,0,0,0,0,0,1,0,0,0,0,0,0,0,0,0,0,0,0,0,0,0,0,1,0,0,0,0,1,1,0,0,0,0,0,1,0,0,1,1,0,1,0,0,0,0,0,1,0,0,0,0,0,0,0,0,1100100000010000000000000000100001100000100110100000100000000,1802002805399175424,213
GACAGTGGAAATGAGAGTGAAGG,1,0,0,0,0,1,0,0,0,0,0,0,0,0,1,0,0,0,0,1,0,0,1,1,0,0,0,1,0,0,0,1,1,0,0,0,0,0,0,0,1,0,0,0,0,0,0,0,0,0,0,0,0,0,1,0,0,0,0,0,0,1000010000000010000100110001000110000000100000000000001000000,1189023291106394176,214
GACATACAAACTAAAGAATTACA,1,0,1,0,1,0,1,0,0,0,0,0,0,0,1,0,1,1,0,0,0,1,0,0,0,0,0,1,1,0,0,1,1,0,0,0,0,1,0,1,0,0,0,0,1,1,1,0,1,1,0,1,1,1,0,1,1,1,0,0,0,1010101000000010110001000001100110000101000011101101110111000,1531321193785842616,215
GACGAAGAAAGAGAAGTGCTGAT,1,0,0,0,0,0,0,0,0,0,0,0,0,0,0,0,0,0,0,0,0,0,0,0,0,0,0,0,0,0,0,1,1,0,0,0,0,0,0,0,0,0,0,0,0,0,0,0,0,0,0,0,0,0,0,0,0,0,0,0,0,1000000000000000000000000000000110000000000000000000000000000,1152921505412153344,29
GACTCACAGTATGCATTAGGAAT,0,1,0,0,1,1,0,0,0,0,0,1,1,1,0,0,1,0,0,0,0,1,0,0,1,1,1,0,1,1,1,0,0,1,1,1,1,0,0,0,1,1,0,1,1,0,1,0,0,1,0,0,1,1,1,0,0,1,0,0,0,0100110000011100100001001110111001111000110110100100111001000,685550575749384648,216
GAGAGACAGGCTAATTTTTTAGG,1,1,1,1,1,1,1,0,1,0,1,0,1,1,1,1,0,1,0,1,1,1,1,1,1,1,1,0,0,0,1,1,0,1,0,1,0,1,1,0,1,0,1,0,0,0,1,1,1,1,0,1,1,1,1,1,1,1,0,0,0,1111111010101111010111111110001101010110101000111101111111000,2293999054571731960,217
GAGATGGGTGCGAGAGCGTCAGT,1,1,1,1,1,1,0,0,1,1,1,1,1,1,1,1,0,1,0,1,0,0,1,1,1,1,1,1,1,0,1,1,0,0,0,0,1,1,1,0,1,0,1,1,1,1,1,1,1,1,0,1,1,0,1,1,1,0,0,0,1,1111110011111111010100111111101100001110101111111101101110001,2278797769296051057,218
GAGCCAAAGCACTAACAGATATA,0,1,0,0,0,0,0,0,0,0,0,0,0,0,0,0,0,0,0,0,0,0,0,0,0,0,0,0,0,0,0,0,0,0,1,0,0,0,0,0,1,0,0,0,0,0,1,0,0,0,0,0,0,0,0,0,0,0,0,0,0,0100000000000000000000000000000000100000100000100000000000000,576460752371597312,219
GAGCCAACAGCCCCACCAGCAGA,1,1,0,0,0,1,0,1,0,1,1,0,1,0,1,0,1,1,1,0,1,1,0,0,1,1,1,1,1,0,0,0,0,1,0,1,1,0,0,0,0,1,0,0,0,0,0,1,1,1,0,1,1,0,1,1,1,1,0,0,0,1100010101101010111011001111100001011000010000011101101111000,1778180365547486072,220
GAGCCAACAGCCCCGCCAGCAGA,1,0,0,0,0,0,0,0,0,0,0,1,0,0,0,1,1,0,0,0,0,0,0,0,0,0,0,1,1,0,0,0,0,0,0,0,0,0,1,1,0,0,0,1,1,0,0,1,0,0,0,0,1,1,0,0,0,0,0,0,0,1000000000010001100000000001100000000011000110010000110000000,1153537244009800064,221
GAGCTTAAAAATGAAGCTGTTAG,1,0,0,1,0,0,0,0,1,0,0,0,0,1,1,1,0,1,0,1,0,1,1,1,0,0,1,0,0,0,0,1,1,0,0,0,0,0,0,0,0,0,0,0,0,0,0,0,0,0,0,0,0,0,1,0,1,0,0,0,0,1001000010000111010101110010000110000000000000000000001010000,1301798558088822864,222
GAGGGAGAAGAGGCAGGAATGGA,0,1,0,0,0,0,0,0,0,0,0,0,0,0,0,0,0,0,0,0,0,1,0,0,0,0,0,0,0,0,0,0,0,0,1,0,0,0,0,0,0,0,0,0,0,0,1,0,0,0,0,0,0,0,0,0,0,0,0,0,0,0100000000000000000001000000000000100000000000100000000000000,576461302126362624,223
GAGTAGGAGCAGTATCTCAAGAT,1,1,0,0,0,0,0,0,0,0,0,0,1,1,1,1,0,0,0,0,0,1,0,1,1,0,1,0,0,0,0,1,1,1,0,1,0,0,0,0,0,0,1,0,0,0,1,0,0,0,0,0,0,0,1,0,0,0,0,0,0,1100000000001111000001011010000111010000001000100000001000000,1729910796559073344,224
GAGTGAATCAGAGTTAGTCAATC,0,1,0,0,1,0,0,0,1,1,0,1,1,0,0,0,1,0,0,0,1,0,0,0,0,1,0,0,1,0,0,0,0,0,0,0,1,1,0,0,0,0,0,1,0,1,1,1,0,0,0,1,1,0,0,0,0,0,0,0,0,0100100011011000100010000100100000001100000101110001100000000,656136901090272000,225
GAGTTAGAAAGATTCGCACTTAA,1,0,0,0,0,0,0,0,0,0,0,0,0,0,1,0,0,0,0,0,0,0,0,0,0,0,0,0,0,0,0,1,1,0,0,0,0,0,0,0,0,0,0,0,0,0,0,0,0,0,0,0,0,0,0,0,0,0,0,0,0,1000000000000010000000000000000110000000000000000000000000000,1152991874156331008,14
GATAAAATAGAGGAAGTACAAAA,1,0,0,0,0,0,0,0,0,0,0,0,0,0,0,0,0,0,1,0,0,0,0,0,0,0,0,0,0,0,0,0,0,0,0,0,0,0,0,0,0,0,0,0,0,0,0,0,0,0,0,0,0,0,0,0,0,0,0,0,0,1000000000000000001000000000000000000000000000000000000000000,1152925902653358080,226
GATCAGATACTTATAGAAATTTG,1,1,1,1,0,0,0,0,1,0,0,0,0,0,1,0,0,1,0,0,0,0,0,0,0,0,0,0,0,0,0,1,0,0,1,0,0,0,0,0,0,0,1,0,0,0,1,0,0,1,0,0,0,0,0,0,0,0,0,0,0,1111000010000010010000000000000100100000001000100100000000000,2166310586206668800,227
GATCCTAACCTAGAGCCCTGGAA,1,1,0,1,1,0,0,1,1,0,0,0,0,1,1,1,0,0,0,1,1,0,1,1,0,0,0,0,0,1,0,1,1,0,0,0,0,0,0,0,0,0,1,0,0,0,1,0,0,1,0,1,0,0,1,0,0,0,0,0,0,1101100110000111000110110000010110000000001000100101001000000,1959315842315602496,228
GATCCTGACCTAGCAGACCAACT,1,1,0,0,0,0,0,0,0,0,0,0,0,0,0,0,0,0,0,0,0,0,0,1,0,0,0,0,0,0,0,1,0,0,1,0,0,0,0,0,1,0,1,0,0,0,0,0,0,0,0,0,0,0,1,0,0,0,0,0,0,1100000000000000000000010000000100100000101000000000001000000,1729382394954514496,229
GATGCATGGGAAAAAATTCGGTT,1,0,1,0,1,0,0,0,0,0,0,0,0,1,1,1,0,1,1,0,0,0,0,0,0,0,1,0,0,0,0,1,0,1,0,1,1,0,0,0,0,0,0,1,0,0,1,0,0,0,0,1,1,1,1,0,0,0,0,0,0,1010100000000111011000000010000101011000000100100001111000000,1513468977442079680,230
GATGGACAGTCCAGCCTATAGAA,1,0,0,0,0,0,0,0,0,0,0,0,0,0,1,0,0,0,0,0,0,0,0,0,0,0,0,0,0,0,0,1,0,0,0,0,0,0,0,0,0,0,0,0,0,0,0,0,0,0,0,0,0,0,0,0,0,0,0,0,0,1000000000000010000000000000000100000000000000000000000000000,1152991873887895552,0
GATTGGCAGAACTACACACCAGG,1,1,0,0,1,0,0,0,0,0,0,1,0,1,0,0,1,0,1,1,0,0,1,1,0,0,0,1,1,0,0,0,0,0,0,0,1,0,1,0,0,0,0,1,1,0,0,1,0,0,0,0,1,1,1,1,0,0,0,1,0,1100100000010100101100110001100000001010000110010000111100010,1802168152868725218,231
GCAAAATGCACAAGGGCAAATGG,1,0,0,1,0,1,0,0,1,0,1,0,0,0,1,1,0,0,0,0,0,1,0,0,0,0,1,0,0,0,0,1,0,0,1,0,0,0,0,0,0,0,1,0,0,1,0,1,0,0,0,0,0,0,0,0,0,0,0,0,0,1001010010100011000001000010000100100000001001010000000000000,1338801109892112384,232
GCAAATTATAAACATGTGGCAGG,1,0,0,0,0,0,0,1,0,0,0,0,0,0,0,0,0,0,0,0,0,0,0,0,0,0,0,0,0,0,0,1,1,0,0,0,0,0,0,0,0,0,0,0,0,0,0,0,0,1,0,0,0,0,0,0,0,0,0,0,0,1000000100000000000000000000000110000000000000000100000000000,1161928704666896384,233
GCAATAGTAGGACTAGTAGTAGC,0,1,0,0,0,1,0,0,0,0,0,0,0,0,0,0,0,0,1,0,0,0,0,0,0,1,0,0,0,0,0,0,0,0,0,1,0,0,0,0,0,0,0,0,0,0,0,0,0,0,0,0,0,0,0,0,0,0,0,0,0,0100010000000000001000000100000000010000000000000000000000000,612493981762191360,234
GCAATGAGTCAAGTACAACAGGC,0,1,0,0,0,0,0,0,0,0,0,0,0,0,0,0,0,1,0,0,0,0,0,0,0,0,0,0,0,0,0,0,0,0,0,0,0,0,0,0,0,0,0,0,0,0,0,0,0,0,0,0,0,0,0,0,0,0,0,0,0,0100000000000000010000000000000000000000000000000000000000000,576469548396445696,235
GCACCACTGCTGTGCCCTGGAAC,1,0,0,0,0,0,0,0,0,0,0,0,0,0,0,0,0,0,1,0,0,0,0,0,0,0,1,0,0,0,0,1,1,1,0,0,0,0,0,0,0,0,0,0,0,0,0,0,0,0,0,1,0,0,0,0,0,0,0,0,0,1000000000000000001000000010000111000000000000000001000000000,1152925920772751872,236
GCAGAATTAGAATTGGCAGAGAA,1,1,0,0,0,1,0,0,1,1,0,0,1,0,1,0,0,0,0,0,0,1,0,0,1,1,0,0,0,1,1,1,0,0,1,1,0,0,0,0,1,0,1,0,0,0,1,0,0,1,0,0,0,0,0,0,1,0,0,0,0,1100010011001010000001001100011100110000101000100100000010000,1772518953786296336,237
GCAGATGATACAGTATTAGAAGA,1,1,1,1,1,1,1,1,1,1,1,1,0,0,1,0,1,1,1,1,1,1,1,1,0,1,1,1,1,1,1,1,1,1,1,1,1,1,1,1,0,1,1,1,1,1,1,0,1,1,0,1,1,1,1,1,1,1,0,0,0,1111111111110010111111110111111111111111011111101101111111000,2305385543656004600,238
GCAGCAATGCAAATGTTAAAAGA,1,0,0,1,0,0,0,0,0,1,0,0,0,0,1,0,0,0,0,0,0,1,0,0,0,0,0,0,0,0,0,1,0,0,1,0,0,0,0,0,0,0,0,0,0,0,0,0,0,0,0,0,0,0,0,0,0,0,0,0,0,1001000001000010000001000000000100100000000000000000000000000,1299359411600359424,239
GCAGGCAGCAGCTGGCACAGGAA,1,0,0,0,0,0,0,0,0,0,0,0,0,0,1,0,0,0,0,0,0,0,0,0,0,0,0,0,0,0,0,1,1,0,0,1,0,0,0,0,0,0,0,0,0,0,0,0,0,0,0,0,0,0,0,0,0,0,0,0,0,1000000000000010000000000000000110010000000000000000000000000,1152991874189885440,240
GCAGGGAGTTGGAAAGATTCGCA,0,1,0,1,0,0,0,0,1,0,0,0,0,0,0,0,0,0,1,0,0,0,0,0,0,1,0,0,0,0,0,0,0,0,0,0,0,0,0,0,0,0,0,0,0,0,0,0,0,0,0,0,0,0,0,0,0,0,0,0,0,0101000010000000001000000100000000000000000000000000000000000,725083972412899328,241
GCAGGGCCTATTCCACCAGGCCA,1,1,0,1,0,1,0,0,0,0,1,0,0,0,1,1,0,1,0,0,0,0,0,0,1,0,0,0,0,0,0,1,1,0,0,1,0,0,1,0,0,0,1,0,0,1,1,1,0,0,0,0,0,0,1,1,0,0,0,0,0,1101010000100011010000001000000110010010001001110000001100000,1910766560684073056,242
GCAGGGGAAAGAATAATAGACAT,1,1,1,1,1,1,0,0,1,1,0,1,1,1,1,1,1,0,1,0,1,1,0,0,1,1,1,1,1,1,1,1,1,0,1,0,1,1,1,1,0,1,1,1,0,0,1,1,1,1,0,1,1,1,1,1,1,0,1,0,0,1111110011011111101011001111111110101111011100111101111110100,2277684103940570100,243
GCATATTTTTCAGTTCCTTTAGA,1,0,0,0,0,0,0,0,0,1,0,0,0,0,1,0,0,0,0,0,0,0,0,0,0,0,0,0,0,0,0,1,0,0,0,0,0,0,0,0,0,0,0,0,0,0,0,0,0,0,0,0,0,0,1,0,0,0,0,0,0,1000000001000010000000000000000100000000000000000000001000000,1155243673701580864,244
GCATTAACAGAAATTTGTAAAGA,1,0,0,0,0,1,0,0,0,0,0,0,0,0,1,1,0,0,0,0,0,0,0,0,0,0,0,0,0,0,0,0,0,0,0,0,0,0,0,0,0,0,0,0,0,0,0,1,0,0,0,0,0,0,1,0,0,0,0,0,0,1000010000000011000000000000000000000000000000010000001000000,1189055854742085696,245
GCCAGAAATTGCAGGGCCCCTAG,1,0,1,1,0,1,1,0,1,0,1,0,1,0,1,1,1,1,0,1,0,1,1,1,1,0,1,1,1,1,1,1,1,1,1,1,1,1,1,0,1,1,1,1,0,1,1,1,1,1,0,0,1,0,1,1,0,1,0,0,0,1011011010101011110101111011111111111110111101111100101101000,1645356444442098024,246
GCCATAAAGAAAAAAGATAGTAC,0,1,0,0,0,0,0,0,0,0,0,0,0,0,0,0,0,0,1,0,0,0,0,0,0,0,0,0,0,0,0,0,0,0,1,0,0,0,0,0,0,0,0,0,0,1,0,0,0,0,0,0,0,0,0,0,0,0,0,0,0,0100000000000000001000000000000000100000000001000000000000000,576465150417076224,247
GCCCAGAAGTAATACCCATGTTC,1,1,0,1,0,1,0,1,1,0,0,0,0,0,0,0,0,1,0,0,0,0,0,0,0,0,0,0,0,0,0,0,0,1,1,1,0,0,0,0,0,0,1,0,0,1,1,0,0,0,0,0,1,0,0,0,0,0,0,0,0,1101010110000000010000000000000001110000001001100000100000000,1923045837215416576,248
GCGGCGACTGGTGAGTACGCCAA,1,1,0,1,0,1,1,0,0,0,1,1,0,0,1,0,0,0,0,1,0,0,1,1,1,1,0,1,1,0,1,1,0,0,0,0,1,1,1,1,1,0,1,1,1,0,0,0,1,1,0,0,1,0,1,0,1,0,0,0,0,1101011000110010000100111101101100001111101110001100101010000,1929302588066830672,249
GCGTCAATAACGCTGACGGTACA,1,1,1,1,0,1,1,1,1,0,1,1,1,0,1,0,1,1,0,1,1,1,1,1,1,1,1,0,1,1,1,0,1,0,1,0,1,1,0,0,1,1,1,1,0,1,1,1,0,1,0,0,1,1,1,1,1,1,1,0,0,1111011110111010110111111110111010101100111101110100111111100,2231353286154185212,250
GCTATAAAGAAAAAGGACAGCAC,1,0,0,0,0,0,0,0,1,0,0,0,0,0,1,0,0,0,0,0,0,0,0,0,0,0,0,0,0,0,0,0,1,0,0,0,0,0,0,0,0,0,0,0,0,0,1,0,0,0,0,0,0,0,0,0,0,0,0,0,0,1000000010000010000000000000000010000000000000100000000000000,1157495473246846976,251
GCTGCATAAAAGCAGCCGCTTTT,1,0,0,1,0,0,0,0,0,0,0,0,1,0,1,0,0,0,0,0,0,1,0,0,0,0,0,0,0,0,0,1,0,0,0,0,0,0,0,0,0,0,0,0,0,0,0,0,0,0,0,0,0,0,0,0,1,0,0,0,0,1001000000001010000001000000000100000000000000000000000010000,1297389086696275984,252
GCTGTTAGACATTTTCCTAGGCC,1,1,0,0,1,0,0,0,1,0,0,0,1,1,1,1,1,1,0,1,1,1,1,1,0,0,1,0,0,0,0,1,1,1,1,0,1,0,1,1,0,1,1,1,0,0,1,0,0,0,0,0,1,0,1,0,1,1,0,0,0,1100100010001111110111110010000111101011011100100000101011000,1806501883254030680,253
GCTTCAAGCTAGTACCAGTTGAC,1,0,0,0,0,0,1,1,0,0,0,1,0,0,1,0,0,0,0,0,0,0,0,0,0,0,0,0,1,1,0,1,1,0,0,0,1,0,1,0,0,1,0,1,1,0,0,0,0,1,0,0,1,0,0,0,0,0,0,0,0,1000001100010010000000000000110110001010010110000100100000000,1180576428338120960,254
GGAAAACTAAATTGGGCAAGTCA,1,1,0,1,1,1,0,0,0,0,1,0,1,0,1,0,0,1,0,0,0,1,0,0,0,1,1,0,0,0,1,1,1,0,1,1,0,0,1,0,1,0,1,1,0,1,1,0,0,0,0,0,1,1,1,1,1,0,0,0,0,1101110000101010010001000110001110110010101101100000111110000,1983070979044590064,255
GGAACAGGAGCTACATTAGAAGA,1,0,0,0,0,0,0,0,0,0,1,0,0,0,0,0,0,0,0,0,0,0,0,0,0,0,0,0,0,0,0,0,1,0,0,0,0,0,0,0,0,0,0,0,0,0,0,0,0,0,0,0,0,0,0,0,0,0,0,0,0,1000000000100000000000000000000010000000000000000000000000000,1154047404782125056,256
GGAATACTATTGACAAGAGATGG,1,1,0,0,0,0,0,0,0,0,0,0,0,0,0,0,0,0,0,0,0,0,0,0,0,0,0,0,0,0,0,0,0,0,0,0,0,0,1,0,0,0,0,0,0,0,0,0,0,0,0,0,0,0,0,0,0,0,0,0,0,1100000000000000000000000000000000000010000000000000000000000,1729382256914464768,257
GGAATCAGATATCAGTACAATGT,1,0,0,0,0,0,0,0,0,0,0,0,0,0,1,0,0,0,0,0,0,0,0,0,0,0,0,0,0,0,0,1,1,0,0,0,0,0,0,0,0,0,0,0,0,0,0,0,0,0,0,0,0,0,0,0,0,0,0,0,0,1000000000000010000000000000000110000000000000000000000000000,1152991874156331008,14
GGAATGGATGGACCAAAGGTTAA,1,0,0,0,0,0,0,0,0,0,0,0,0,0,1,0,0,0,0,0,0,0,0,0,0,0,0,0,0,0,0,0,0,0,1,0,0,0,0,0,0,0,0,0,0,0,0,0,0,0,0,0,0,0,0,0,0,0,0,0,0,1000000000000010000000000000000000100000000000000000000000000,1152991873418133504,88
GGAATTCCCTACAATCCCCAAAG,0,1,0,1,1,1,1,1,1,1,0,0,0,1,0,0,0,1,0,1,0,0,1,1,1,1,1,0,0,1,1,0,0,1,1,1,1,0,1,0,1,0,1,1,0,1,1,0,1,1,0,1,1,1,1,1,1,1,0,0,0,0101111111000100010100111110011001111010101101101101111111000,862591597300603896,258
GGACTCGAAAGCGAAAGTTCCAG,1,1,0,1,0,1,0,0,0,0,0,0,0,1,1,0,0,0,1,1,0,0,0,1,1,0,0,0,0,0,1,1,0,0,0,0,0,0,0,0,1,0,1,0,0,0,1,1,0,0,0,0,0,0,1,0,0,0,0,0,0,1101010000000110001100011000001100000000101000110000001000000,1909744153077768256,259
GGACTGAGACGGGGGTGGGAAGG,1,0,0,0,0,0,0,0,0,0,0,0,0,0,0,0,0,0,0,0,0,0,0,0,0,1,0,0,0,0,0,1,0,0,0,0,0,0,0,0,0,0,0,0,0,0,0,0,0,0,0,0,0,0,0,0,0,0,0,0,0,1000000000000000000000000100000100000000000000000000000000000,1152921539503456256,260
GGACTGAGACTGGGGTGGGAAGC,0,1,0,0,0,0,0,0,0,0,0,0,0,0,0,0,0,0,0,0,0,0,0,0,0,0,0,0,0,0,0,0,0,0,0,0,0,0,0,0,0,0,0,0,0,0,0,0,0,0,0,0,0,0,0,0,0,0,0,0,0,0100000000000000000000000000000000000000000000000000000000000,576460752303423488,56
GGACTTCCGCTGGGGACTTTCCA,1,0,0,0,0,0,0,0,0,0,0,0,0,0,1,0,0,0,0,0,0,0,0,0,0,0,0,0,0,0,0,0,1,0,0,0,0,0,0,0,0,0,0,0,0,0,0,0,0,0,0,0,0,0,0,0,0,0,0,0,0,1000000000000010000000000000000010000000000000000000000000000,1152991873619460096,24
GGAGAAAAGGACTGGCAATTGGG,1,0,0,0,0,0,0,0,0,0,0,0,0,0,1,0,0,0,0,0,0,0,0,0,0,0,0,0,0,0,0,1,0,0,0,0,0,0,0,0,0,0,0,0,0,0,0,0,0,0,0,0,0,0,0,0,0,0,0,0,0,1000000000000010000000000000000100000000000000000000000000000,1152991873887895552,0
GGAGGAAATGAACAAGTAGATAA,1,1,0,1,1,1,1,1,1,0,1,1,1,1,1,0,0,1,1,1,0,1,1,1,1,1,1,1,1,0,1,1,1,1,1,0,1,1,1,1,1,1,1,1,1,0,1,0,1,1,0,1,1,1,1,1,1,1,0,0,0,1101111110111110011101111111101111101111111110101101111111000,2015306954997455864,261
GGATCACCAGCAATATTTCAGGC,0,1,0,0,0,0,0,0,0,0,0,0,0,0,0,0,0,0,0,0,0,0,0,0,0,0,0,0,0,0,0,0,0,0,1,0,0,0,0,0,0,0,0,0,0,0,0,0,0,0,0,0,0,0,0,0,0,0,0,0,0,0100000000000000000000000000000000100000000000000000000000000,576460752370532352,262
GGATCCCTACAATATTTGGCACT,1,0,0,0,0,0,0,0,0,0,0,0,0,0,1,0,0,0,0,0,0,0,0,0,0,0,0,0,0,0,0,1,1,0,0,0,0,0,0,0,0,0,0,1,0,0,0,0,0,0,0,0,1,1,0,0,0,0,0,0,0,1000000000000010000000000000000110000000000100000000110000000,1152991874156462464,263
GGATGGGGGAAGAGATAACCTCC,1,1,0,0,0,0,0,0,0,0,0,0,0,0,0,0,0,0,0,0,0,1,0,0,0,0,0,0,0,0,0,0,0,0,0,0,0,0,0,0,0,0,0,0,0,0,1,0,0,0,0,0,0,0,0,0,0,0,0,0,0,1100000000000000000001000000000000000000000000100000000000000,1729382806666100736,264
GGCATAGATAAAGCCCAAGAAGA,0,1,0,0,0,1,0,0,1,0,0,0,1,0,0,0,0,0,0,1,0,0,1,1,1,0,1,0,0,0,1,0,0,0,0,0,0,0,0,0,1,0,0,0,0,0,0,0,0,0,0,0,0,0,1,0,0,0,0,0,0,0100010010001000000100111010001000000000100000000000001000000,617277322240720960,265
GGCCTTTTAGAAACAGCAGAAGG,1,1,0,1,0,1,0,0,0,0,0,0,0,0,1,0,0,1,1,0,0,1,1,1,0,1,1,0,0,0,0,1,1,1,0,1,0,0,0,0,0,0,0,0,0,1,0,0,0,0,0,0,0,0,1,0,0,0,0,0,0,1101010000000010011001110110000111010000000001000000001000000,1909610819474194496,266
GGCGAGCAAGGCAGAGACAGATC,1,0,0,0,0,0,0,0,0,0,0,0,0,0,1,0,0,0,0,0,0,0,0,0,1,0,0,0,0,0,0,0,0,0,0,1,0,0,0,0,0,0,0,0,0,0,0,0,0,0,0,0,0,0,0,1,0,0,0,0,0,1000000000000010000000001000000000010000000000000000000100000,1152991942104055840,267
GGCGCCCGAACAGGGACTTGAAG,0,1,0,0,0,0,0,0,0,0,0,0,1,0,0,0,0,0,0,0,0,0,0,0,0,0,0,0,0,0,0,0,0,0,0,0,0,0,0,0,0,0,0,0,0,0,0,0,1,0,0,0,0,0,0,0,0,0,0,1,0,0100000000001000000000000000000000000000000000001000000000010,576742227280138242,268
GGGAGAAGAGGCAGGAATGGAGC,1,1,0,0,0,0,0,0,0,0,1,0,0,0,0,0,0,0,0,0,0,1,0,0,0,0,0,0,0,0,0,1,1,0,1,0,0,0,0,0,0,0,0,0,0,0,0,0,0,0,0,0,0,0,0,0,0,0,0,0,0,1100000000100000000001000000000110100000000000000000000000000,1730508707445342208,269
GGGATGGCCTCAGGTCAGGGAAA,1,0,0,0,0,0,0,0,0,0,0,0,0,0,0,0,0,0,0,0,0,1,0,0,0,0,0,0,0,0,0,1,0,0,0,0,0,0,0,0,0,0,0,0,0,0,0,0,0,0,0,0,0,0,0,0,0,0,0,0,0,1000000000000000000001000000000100000000000000000000000000000,1152922054899531776,144
GGGATGGGGGAAGAGATAACCTC,1,1,0,0,0,0,0,0,0,0,0,0,0,0,0,0,0,0,0,0,0,1,0,0,0,0,0,0,0,0,0,0,0,0,0,0,0,0,0,0,0,0,0,0,0,0,1,0,0,0,0,0,0,0,0,0,0,0,0,0,0,1100000000000000000001000000000000000000000000100000000000000,1729382806666100736,264
GGGCAAAGAGAAGAGTGGTGGAG,1,0,0,0,0,0,0,0,1,0,0,0,0,0,0,0,0,0,0,0,0,0,0,0,0,0,0,0,0,0,0,1,0,1,0,0,0,0,0,0,0,0,1,0,0,0,0,0,0,0,0,0,0,0,0,0,0,0,0,0,0,1000000010000000000000000000000101000000001000000000000000000,1157425104905568256,270
GGGCTATAGAGGCGCAGCAGCAT,1,0,0,0,0,0,0,0,0,0,0,0,0,0,0,0,0,0,0,1,0,0,1,1,1,0,0,0,0,0,0,1,1,0,0,0,0,0,0,0,1,0,0,0,0,0,0,0,0,0,0,0,0,0,1,0,0,0,0,0,0,1000000000000000000100111000000110000000100000000000001000000,1152924185472794688,271
GGGGAAGCTATGCATGGACAAGT,1,0,0,0,0,0,0,0,0,0,0,0,0,0,1,0,1,0,1,0,0,0,0,0,0,0,0,0,0,0,0,1,1,0,0,1,0,0,0,0,0,0,0,0,0,0,0,0,0,0,0,0,0,0,0,0,0,0,0,0,0,1000000000000010101000000000000110010000000000000000000000000,1153013864422440960,272
GGGGCAGCTAGTAGGGAGACTAA,1,0,0,0,0,0,0,0,0,0,0,0,0,0,1,0,0,0,0,0,0,1,0,0,0,0,0,0,0,0,0,1,1,0,0,0,0,0,0,0,0,0,0,0,0,0,0,0,0,0,0,0,0,0,0,0,0,0,0,0,0,1000000000000010000001000000000110000000000000000000000000000,1152992423912144896,109
GGGGGAAAATTAGATGCATGGGA,1,1,1,1,1,0,0,0,1,0,0,0,0,1,1,1,0,1,1,0,0,1,1,1,1,1,1,0,0,0,0,1,0,0,1,1,1,0,0,0,1,1,1,1,0,1,1,0,0,0,0,0,1,1,1,0,0,1,0,0,0,1111100010000111011001111110000100111000111101100000111001000,2238549582535377352,273
GGGGGAATTGGAGGTTTTATCAA,1,1,0,1,1,1,1,0,1,1,1,1,1,0,1,1,1,1,1,1,0,1,1,1,1,1,1,1,1,0,1,1,1,0,1,1,1,1,1,0,0,1,1,1,1,1,0,1,1,0,0,1,1,1,1,1,1,1,0,0,0,1101111011111011111101111111101110111110011111011001111111000,2008463594522391544,274
GTAAAATTATGGTACCAGTTAGA,0,1,1,1,1,0,0,0,1,0,1,0,0,0,0,0,0,0,1,0,0,0,1,1,1,0,0,0,0,0,0,0,0,0,0,1,0,0,0,0,0,0,0,0,0,1,1,0,0,0,0,1,0,1,0,0,0,0,0,0,0,0111100010100000001000111000000000010000000001100001010000000,1086498289219584640,275
GTACAGAAACAAGGGCAGGACCA,1,0,0,0,0,0,0,0,0,0,0,0,0,0,1,0,0,0,0,0,0,0,0,0,0,0,0,0,0,0,0,1,1,0,0,0,0,0,0,0,0,0,0,0,0,0,0,0,0,0,0,0,0,0,0,0,0,0,0,0,0,1000000000000010000000000000000110000000000000000000000000000,1152991874156331008,14
GTACCAAGAAGAAAAGCAAAGAT,1,0,1,1,1,1,0,0,1,0,1,1,1,1,1,1,1,1,0,0,0,1,0,0,1,1,0,0,1,0,0,1,1,0,1,1,1,0,1,0,0,1,0,1,0,0,1,1,0,0,0,1,1,1,1,0,1,1,0,0,0,1011110010111111110001001100100110111010010100110001111011000,1700100721296958424,276
GTACTTTTAATATGACCACAGAA,1,0,0,0,0,0,0,0,0,0,0,0,0,0,0,0,0,0,0,0,0,0,0,0,0,0,0,0,0,0,0,0,0,0,0,0,0,0,0,0,0,0,0,0,0,0,0,0,0,0,0,0,0,0,0,0,0,0,0,0,0,1000000000000000000000000000000000000000000000000000000000000,1152921504606846976,22
GTAGGATCTGACTTAGAGATAGG,0,1,1,0,0,1,1,0,0,1,0,0,0,0,0,1,0,0,0,0,0,0,0,0,0,0,1,0,0,0,1,0,0,0,1,0,0,0,0,0,0,0,0,0,0,0,0,0,0,0,0,1,0,0,0,0,0,0,0,0,0,0110011001000001000000000010001000100000000000000001000000000,921021326490075648,277
GTAGGCTTTCCAGTCAGGCCGCA,1,1,1,0,0,0,0,0,0,0,1,0,0,0,1,0,0,1,0,0,0,1,0,0,0,0,0,0,0,0,0,1,1,0,0,0,0,0,0,0,0,0,0,0,0,0,0,0,0,0,0,0,0,0,0,1,0,0,0,0,0,1110000000100010010001000000000110000000000000000000000100000,2018818248367144992,278
GTAGTAATACAAGACAATAGTGA,1,0,0,0,0,1,0,0,0,1,0,0,1,0,1,1,0,0,1,0,1,1,0,0,0,1,1,0,0,0,0,1,1,0,1,1,0,0,0,0,0,0,0,0,0,0,0,1,0,0,0,1,0,0,0,1,1,0,0,0,0,1000010001001011001011000110000110110000000000010001000110000,1191595229292012080,279
GTAGTACCAAGAAGAAAAGCAAA,1,1,1,1,1,1,0,0,1,0,1,1,1,1,1,1,1,1,0,0,1,1,0,0,1,1,0,0,1,0,1,1,1,0,1,1,1,0,1,0,1,1,0,1,0,0,1,1,1,0,0,1,1,1,1,0,1,1,0,0,0,1111110010111111110011001100101110111010110100111001111011000,2276562574186804184,280
GTAGTAGAATCTATGAATAAGGA,1,0,0,0,0,0,0,0,0,0,0,0,0,0,1,0,0,1,0,0,0,0,0,0,0,0,0,0,1,0,0,1,1,0,0,0,0,0,0,0,0,0,1,0,0,0,1,0,0,0,0,0,0,0,0,1,0,0,0,0,0,1000000000000010010000000000100110000000001000100000000100000,1153000674544599072,281
GTATGCTCCTCCCATCAGTGGAA,1,0,0,0,0,0,0,0,0,0,0,0,0,0,0,0,0,0,0,0,0,0,0,0,0,0,0,0,0,0,0,1,1,0,0,0,0,0,0,0,0,0,0,0,0,0,0,0,0,0,0,0,0,0,0,0,0,0,0,0,0,1000000000000000000000000000000110000000000000000000000000000,1152921505412153344,29
GTCAACATAGCAGAATAGGCATT,1,1,1,0,0,0,0,0,0,0,0,0,0,0,1,0,0,0,0,0,0,1,0,0,1,0,0,1,1,0,0,1,1,0,1,0,0,1,0,0,1,0,1,0,0,0,0,0,1,0,0,1,0,0,0,0,0,0,0,0,0,1110000000000010000001001001100110100100101000001001000000000,2017683634048471552,282
GTCACTGACAGAGGAAGACAAAA,1,1,0,0,0,0,0,0,0,0,0,0,0,0,1,0,0,1,0,0,0,0,0,0,1,0,0,0,0,0,0,1,0,0,0,0,0,0,0,0,1,1,0,0,0,0,0,1,0,0,0,0,0,0,0,0,0,0,0,0,0,1100000000000010010000001000000100000000110000010000000000000,1729461491005399040,283
GTCTGGCTGAGAGCACAAGAGGA,1,0,0,0,0,0,0,0,0,0,0,0,0,0,1,0,0,0,0,0,0,0,0,0,0,0,0,0,0,0,0,1,1,0,0,0,0,0,0,0,0,0,0,0,0,0,0,0,0,0,0,0,0,0,0,0,0,0,0,0,0,1000000000000010000000000000000110000000000000000000000000000,1152991874156331008,14
GTGAGCGGATTCTTAGCACTTGC,1,1,0,0,0,1,0,0,1,0,0,0,0,1,0,0,0,1,0,0,0,0,0,0,0,0,0,0,0,1,0,0,0,0,0,1,0,0,0,0,1,0,0,0,0,0,1,1,0,1,0,0,0,1,1,0,0,0,0,0,0,1100010010000100010000000000010000010000100000110100011000000,1770064189320095936,284
GTGCTATTAATTTGCTTGATACA,0,1,0,0,0,0,0,0,0,0,0,0,0,0,0,0,0,1,0,1,0,0,1,1,1,0,1,0,0,0,0,0,0,0,0,0,0,0,0,0,0,0,0,0,0,0,0,0,0,0,0,0,0,0,1,0,0,0,0,0,0,0100000000000000010100111010000000000000000000000000001000000,576472245635907648,285
GTGGCCAGCTGTGATAAATGTCA,0,1,0,0,0,0,0,0,1,0,0,0,0,1,1,0,0,0,1,1,0,0,1,1,1,0,1,0,0,0,0,0,0,0,0,1,0,0,0,0,1,0,0,0,0,0,0,0,0,0,1,0,0,0,1,0,0,0,0,0,0,0100000010000110001100111010000000010000100000000010001000000,581182553483904064,286
GTGGGAAAACTAAATTGGGCAAG,1,1,0,1,1,1,0,0,0,0,1,0,1,1,1,0,0,1,0,0,0,1,0,0,1,1,0,0,0,0,0,1,1,0,0,1,0,0,0,0,1,0,1,0,0,0,1,0,0,0,0,0,0,1,1,1,1,0,0,0,0,1101110000101110010001001100000110010000101000100000011110000,1983211766927343856,287
GTTAGCATTTTGGACATAAGACA,1,0,0,0,0,0,0,0,0,0,0,0,0,0,1,0,0,1,0,0,0,1,0,0,0,1,0,0,0,0,0,1,1,0,1,0,0,0,0,0,0,0,0,0,0,0,0,0,0,0,0,1,1,0,0,0,0,0,0,0,0,1000000000000010010001000100000110100000000000000001100000000,1153001254432015104,288
GTTATATTGGGGCCAGGAACTAA,1,0,0,0,0,0,0,0,0,0,0,0,0,0,0,0,0,0,0,0,0,0,0,0,0,0,0,0,0,0,0,0,0,0,0,0,0,0,0,0,0,0,0,0,0,0,0,0,0,0,0,0,0,0,0,0,0,0,0,0,0,1000000000000000000000000000000000000000000000000000000000000,1152921504606846976,22
GTTATCCCAGCAGAAACAGGACA,1,1,0,1,0,1,1,1,1,0,1,1,1,1,1,0,1,1,1,0,0,1,1,1,1,1,0,0,1,1,1,1,1,0,1,1,1,0,0,1,1,1,1,1,0,1,1,0,0,1,0,0,1,1,1,1,1,0,0,0,0,1101011110111110111001111100111110111001111101100100111110000,1943264730386713072,289
GTTTAGTAAAACATCATATGTAT,1,1,0,0,0,0,0,0,0,0,1,0,0,1,1,0,0,1,1,1,1,1,1,1,0,1,0,0,0,0,0,0,0,1,0,1,0,0,0,0,1,0,1,0,0,0,1,1,0,1,0,0,0,1,1,0,0,0,0,0,0,1100000000100110011111110100000001010000101000110100011000000,1730736752325585088,290
GTTTATTACAGGGACAGCAGAGA,1,1,0,1,1,1,0,0,1,0,1,1,1,0,1,1,1,1,1,1,0,1,1,0,1,1,1,1,1,1,1,1,1,1,1,1,1,1,1,1,1,1,1,1,1,0,1,1,1,0,0,1,1,0,1,1,1,1,0,0,0,1101110010111011111101101111111111111111111110111001101111000,1988197261045101432,291
TAAAAGAAACCATCAATGAGGAA,1,0,0,0,0,0,0,0,0,0,0,0,0,0,1,0,0,0,0,0,0,0,0,0,0,0,0,0,0,0,0,1,1,0,0,0,0,0,0,0,0,0,0,0,0,0,0,0,1,0,0,0,0,0,0,0,0,0,0,0,0,1000000000000010000000000000000110000000000000001000000000000,1152991874156335104,292
TAAATTTCCCAATTAGTCCTATT,1,1,0,0,0,0,0,0,0,0,1,0,0,0,1,0,0,0,0,0,1,0,0,0,0,0,0,0,0,0,0,0,0,1,0,0,0,0,0,0,0,0,0,0,0,0,1,0,0,0,0,0,0,0,0,0,0,0,0,0,0,1100000000100010000010000000000001000000000000100000000000000,1730579625207152640,51
TAACAGAAGATAGATGGAACAAG,1,0,0,0,1,0,0,0,0,1,0,0,0,1,1,1,0,0,1,1,1,1,1,1,1,0,0,0,0,0,0,1,1,0,0,0,0,0,0,1,0,0,0,0,0,0,0,0,0,0,1,1,0,0,1,0,0,0,1,1,0,1000100001000111001111111000000110000001000000000011001000110,1227485917244032582,293
TAACAGACATAGTACCACTGACT,1,0,0,0,0,0,0,0,0,1,1,0,1,0,0,0,0,1,0,0,0,0,0,0,1,0,0,0,0,1,0,1,0,0,0,0,0,0,1,0,0,0,0,0,0,0,0,1,0,0,0,0,0,0,1,0,0,0,0,0,0,1000000001101000010000001000010100000010000000010000001000000,1156589546805141568,294
TACCTCATCCCGCGGGATTAAAA,0,1,0,0,0,0,0,0,0,0,0,0,0,0,0,0,0,0,0,0,0,0,0,0,0,0,0,0,0,0,0,0,0,0,1,0,0,0,0,0,0,0,0,0,0,0,0,0,0,0,0,0,0,0,0,0,0,0,0,0,0,0100000000000000000000000000000000100000000000000000000000000,576460752370532352,262
TACTGCATTCACCATACCTAGTA,1,0,0,0,0,0,1,0,0,1,0,0,0,1,1,1,0,0,1,0,1,1,0,0,0,1,0,0,1,1,0,1,0,1,0,0,0,0,0,0,0,0,0,0,0,0,1,1,0,1,0,0,0,0,0,1,0,0,0,0,0,1000001001000111001011000100110101000000000000110100000100000,1173440082321893408,295
TAGAAAGATTCGCACTTAACCCT,1,0,0,0,0,0,0,0,0,0,0,0,0,0,1,0,0,0,0,0,0,0,0,0,0,0,0,0,0,0,0,1,1,0,1,0,0,0,0,0,0,0,0,0,0,0,0,0,0,0,0,0,0,0,0,0,0,0,0,0,0,1000000000000010000000000000000110100000000000000000000000000,1152991874223439872,296
TAGCAAGGGAACCCACTGCTTAA,1,0,0,0,0,0,0,0,1,0,0,0,0,0,1,1,0,0,0,0,0,0,0,0,0,1,0,0,0,0,0,1,0,0,0,0,0,0,0,0,1,0,1,0,0,0,1,0,0,0,0,1,0,0,0,0,0,0,0,0,0,1000000010000011000000000100000100000000101000100001000000000,1157530692248420864,297
TAGGAAAAGCAGGGTATGTCACT,1,1,0,0,0,0,0,0,0,0,1,0,0,0,1,0,0,0,0,0,0,0,0,0,1,0,1,0,0,0,0,1,0,1,1,0,0,0,0,0,0,0,0,0,0,0,1,1,0,0,0,0,0,0,0,0,1,0,0,0,0,1100000000100010000000001010000101100000000000110000000010000,1730578612198858768,298
TAGTAATATGAATAATGCTGATA,1,0,0,0,0,0,0,0,0,0,0,0,0,0,1,0,0,0,0,0,0,0,0,0,0,0,0,0,0,0,0,1,0,0,0,0,0,0,0,0,0,0,0,0,0,0,0,0,0,0,0,0,0,0,0,0,0,0,0,0,0,1000000000000010000000000000000100000000000000000000000000000,1152991873887895552,0
TATAAGCTTGATATAGTACAAAT,1,0,0,0,0,0,0,0,0,0,0,0,0,0,1,0,0,0,1,0,0,0,0,0,0,0,0,0,0,0,0,1,0,0,0,0,0,0,0,0,0,0,0,0,0,0,0,1,0,0,0,0,0,0,0,0,0,0,0,0,0,1000000000000010001000000000000100000000000000010000000000000,1152996271934414848,299
TATAGACATCACTATGAAAGTAG,0,1,0,1,1,0,0,0,0,0,0,0,0,0,0,0,0,1,0,0,0,0,0,0,0,1,0,0,0,0,0,0,0,0,0,0,0,0,0,0,0,0,1,0,0,0,0,0,0,0,0,0,0,0,1,0,0,0,0,0,0,0101100000000000010000000100000000000000001000000000001000000,792642364870230080,300
TATGATCAGATACTTATAGAAAT,1,1,1,1,0,0,0,0,1,0,0,0,0,0,1,0,0,1,0,0,0,0,0,0,1,0,0,0,0,0,0,1,0,0,1,0,0,0,0,0,0,0,1,0,0,0,1,0,0,1,0,0,0,0,0,0,0,0,0,0,0,1111000010000010010000001000000100100000001000100100000000000,2166310654926145536,301
TATGGCAATTAGATTGTACACAT,1,1,0,0,1,0,1,1,1,1,1,1,1,0,0,0,1,0,0,0,0,0,1,1,1,0,1,0,1,1,0,0,0,0,1,0,1,0,0,0,1,1,0,1,0,1,1,0,0,1,0,1,1,1,1,1,1,1,0,0,0,1100101111111000100000111010110000101000110101100101111111000,1837205269920795640,118
TATGTATATCTCAAAGAAAGCTA,1,0,0,0,0,0,0,0,0,0,0,0,0,1,1,0,0,1,1,0,0,0,0,1,0,0,0,0,0,0,0,0,0,1,0,0,0,0,0,0,0,0,1,0,0,0,0,0,0,0,0,0,0,0,0,0,0,0,0,0,0,1000000000000110011000010000000001000000001000000000000000000,1153145942552346624,302
TATTACAGGGACAGCAGAGACCC,1,1,0,1,1,1,0,0,1,0,1,1,1,0,1,1,1,1,1,1,0,1,1,0,1,1,1,1,1,0,1,1,1,0,1,1,1,1,0,1,1,1,1,1,1,0,0,0,0,0,0,1,1,0,1,1,1,0,0,0,0,1101110010111011111101101111101110111101111110000001101110000,1988197258759177072,303
TATTGGCAGGCTACCTGGATTCC,1,1,0,0,0,0,0,0,1,0,0,1,0,0,1,1,0,0,0,0,1,1,0,1,0,1,0,0,0,0,0,1,1,1,0,1,0,0,0,0,1,0,0,0,0,0,1,1,0,0,0,0,0,0,0,0,0,0,0,0,0,1100000010010011000011010100000111010000100000110000000000000,1734556181647613952,304
TCAAATATCTGGGGAATCTTCTG,1,0,0,0,0,0,0,0,0,0,0,0,0,0,1,1,0,1,1,0,0,0,1,0,1,0,0,0,0,0,0,1,0,0,0,0,0,0,0,0,0,0,0,0,0,0,0,0,0,0,0,0,0,0,0,0,0,0,0,0,0,1000000000000011011000101000000100000000000000000000000000000,1153040595996901376,305
TCAGAAGTACACATTCCACTAGG,0,1,0,0,0,0,0,0,0,0,0,0,0,0,0,0,0,0,1,0,0,0,0,0,0,0,0,0,0,0,0,0,0,0,1,0,0,0,0,0,0,0,0,0,0,0,0,0,0,0,0,1,0,0,0,0,0,0,0,0,0,0100000000000000001000000000000000100000000000000001000000000,576465150417043968,306
TCAGACAACTTGTGGGTTACAGT,1,0,0,0,0,0,0,0,0,0,0,0,0,0,0,0,0,0,0,0,0,0,0,0,0,0,0,0,0,0,0,1,1,0,0,0,0,0,0,0,0,0,0,0,0,0,0,0,0,0,0,0,0,0,0,0,0,0,0,0,0,1000000000000000000000000000000110000000000000000000000000000,1152921505412153344,29
TCAGAGCAGTAAGGATCATCAAA,1,0,0,0,0,0,0,0,0,0,0,0,0,1,1,0,0,0,0,0,0,0,0,1,0,1,0,0,0,0,0,0,0,0,0,0,0,0,0,0,0,0,0,0,0,0,0,0,0,0,0,0,0,0,0,0,0,0,0,0,0,1000000000000110000000010100000000000000000000000000000000000,1153132782638071808,307
TCATGGGTACCAGCACACAAAGG,1,1,0,1,1,1,0,0,1,1,1,1,1,1,1,1,1,1,0,0,1,1,0,0,1,1,1,0,1,1,1,1,1,0,1,1,1,0,0,1,1,1,1,1,1,0,1,1,0,1,0,0,1,0,1,1,1,1,0,0,1,1101110011111111110011001110111110111001111110110100101111001,1990584017174358393,308
TCCGGGAAGTCAGCCTACAACTG,1,0,0,1,0,0,0,0,0,0,0,0,0,0,1,0,0,0,0,0,0,0,0,0,0,0,0,0,0,0,0,0,1,0,0,0,0,0,0,0,0,0,1,0,0,0,0,0,0,0,0,0,0,0,0,0,0,0,0,0,0,1001000000000010000000000000000010000000001000000000000000000,1297107061695578112,123
TCCTATACCAAAGCAGTAAGTAA,1,0,0,1,0,0,0,0,0,0,0,0,0,0,0,0,0,0,0,0,0,0,0,0,0,0,0,0,0,0,0,1,0,0,0,0,0,0,0,0,0,0,0,0,0,0,0,0,0,0,0,0,0,0,0,0,0,0,0,0,0,1001000000000000000000000000000100000000000000000000000000000,1297036693219573760,309
TCCTATGGCAGGAAGAAGCGGAA,1,1,0,1,0,0,0,0,0,0,0,0,1,1,1,0,0,0,0,1,0,1,1,1,0,0,0,0,0,0,0,1,1,0,0,0,0,0,0,0,0,0,1,0,0,0,1,0,0,0,0,0,0,0,1,0,0,0,0,0,0,1101000000001110000101110000000110000000001000100000001000000,1873993188096884800,310
TCCTGTACCAAAGCAGTGAGTAG,0,1,0,0,0,0,0,0,0,0,0,0,0,0,0,0,0,0,0,1,1,0,0,0,0,0,0,0,0,0,0,0,0,0,0,0,0,0,0,0,0,0,0,0,0,0,0,0,0,0,0,0,0,0,1,0,0,0,0,0,0,0100000000000000000110000000000000000000000000000000001000000,576464050838306880,311
TCGCTTGTACTGGGTCTCTCTTG,1,1,0,0,0,1,0,0,1,0,0,0,0,0,1,1,0,0,0,0,0,0,0,0,0,0,0,0,0,0,1,1,0,0,0,0,0,0,0,0,0,0,0,0,0,0,1,0,0,0,0,0,0,0,0,0,1,0,1,0,0,1100010010000011000000000000001100000000000000100000000010100,1770020208283500564,312
TCTCAAAGAAAGCTAAAAAGTGG,1,0,0,0,0,0,0,0,0,0,0,0,0,0,1,0,0,0,1,0,0,0,0,0,0,0,0,0,0,0,0,1,0,0,0,0,0,0,0,0,0,0,0,0,0,0,0,0,0,0,0,0,0,0,0,0,0,0,0,0,0,1000000000000010001000000000000100000000000000000000000000000,1152996271934406656,313
TCTCCATAGAATGGAGGCAGAGA,1,0,0,0,0,0,0,0,0,0,0,0,0,1,1,0,0,0,1,0,0,0,0,0,0,0,0,0,0,0,0,1,1,0,0,0,0,0,0,0,0,0,1,0,0,0,0,0,0,0,0,0,0,0,1,1,1,0,0,0,0,1000000000000110001000000000000110000000001000000000001110000,1153137009691459696,314
TGAGGATTAGAACATGGAACAGT,1,1,1,0,0,0,0,0,0,0,0,0,0,1,1,1,0,1,0,0,1,0,1,1,0,0,0,1,0,0,0,1,0,0,0,1,0,0,0,1,1,0,0,0,0,0,1,1,0,0,0,0,0,1,1,0,0,0,0,0,0,1110000000000111010010110001000100010001100000110000011000000,2017869240751644864,315
TGCAAAATGCACAAGGACAAATG,1,1,0,0,0,0,0,0,0,0,0,0,0,0,0,0,0,0,0,0,0,0,0,0,0,0,0,0,0,0,0,0,1,0,0,0,0,0,0,0,0,0,0,0,0,0,0,0,0,0,0,0,0,0,0,0,0,0,0,0,0,1100000000000000000000000000000010000000000000000000000000000,1729382257178705920,316
TGCAAAATGCACAAGGGCAAATG,1,1,1,1,0,1,0,0,1,0,1,0,0,0,1,1,0,1,0,0,0,1,0,0,0,0,1,0,0,0,1,1,0,1,1,1,0,0,0,0,0,0,1,0,0,1,1,1,0,0,0,0,0,0,0,0,0,0,0,0,0,1111010010100011010001000010001101110000001001110000000000000,2203501035681800192,317
TGCCTGTGTACCCACAGACCCCA,1,1,0,1,0,0,1,1,0,0,1,0,1,1,1,1,1,1,1,0,0,1,0,0,1,1,1,0,1,1,0,1,1,1,0,1,0,1,0,0,1,0,1,0,1,0,1,1,1,1,0,0,1,0,1,1,0,0,0,0,0,1101001100101111111001001110110111010100101010111100101100000,1902204172004325728,318
TGCTATTTCTTTGCTTGATGCTA,1,0,0,0,0,0,0,0,0,0,0,0,0,0,1,0,0,0,0,0,0,0,0,0,0,0,0,0,0,0,0,0,0,0,0,0,0,0,0,0,0,0,0,0,0,0,0,0,0,0,0,0,0,0,0,0,0,0,0,0,0,1000000000000010000000000000000000000000000000000000000000000,1152991873351024640,113
TGCTTTCTGAACAAGGGCTTAGG,0,1,0,0,0,0,0,0,0,0,0,0,0,0,0,0,0,0,0,1,0,0,0,1,1,0,0,0,0,0,0,0,0,0,1,0,0,0,0,0,1,0,0,0,0,0,1,0,0,0,0,0,0,0,1,0,0,0,0,0,0,0100000000000000000100011000000000100000100000100000001000000,576463157553283136,319
TGGAAACCAAAAATGATAGGGGG,1,1,1,1,1,1,1,0,1,1,1,1,1,1,1,1,1,1,1,1,1,1,1,1,1,1,1,1,1,0,0,1,1,1,1,0,1,0,1,1,1,0,1,1,1,1,1,1,1,0,0,1,1,1,1,1,1,1,0,1,1,1111111011111111111111111111100111101011101111111001111111011,2296835806695257083,320
TGGAAAGGTGAAGGGGCAGTAGT,1,1,0,1,1,1,1,1,1,1,1,1,1,1,1,1,1,1,1,1,1,1,1,1,1,1,1,1,1,1,1,1,1,1,1,1,1,1,1,1,0,1,0,1,0,1,1,1,1,1,1,1,1,1,1,1,1,1,0,0,1,1101111111111111111111111111111111111111010101111111111111001,2017612633060605945,321
TGGAAATTAGTGCAATAGTAGGA,1,0,0,0,0,0,0,0,0,0,0,0,0,0,1,0,0,0,0,0,0,0,0,0,0,0,0,0,0,0,0,1,0,0,0,0,0,0,0,0,0,0,0,0,0,0,0,0,0,0,0,0,0,0,0,0,0,0,0,0,0,1000000000000010000000000000000100000000000000000000000000000,1152991873887895552,0
TGGCCAAACTTGTGGAAATGGGG,1,0,0,0,0,0,0,0,0,0,0,0,0,0,1,0,0,0,0,0,0,0,0,0,0,0,0,0,0,0,0,1,0,0,0,0,0,0,0,0,0,0,0,0,0,0,0,0,0,0,0,0,0,0,0,0,0,0,0,0,0,1000000000000010000000000000000100000000000000000000000000000,1152991873887895552,0
TGGCCGGGGCGGAGTTGGGGAGT,1,0,0,0,0,0,0,0,0,0,0,0,0,0,1,0,0,0,0,0,0,0,0,0,0,0,0,0,0,0,0,1,1,0,0,0,0,0,0,0,0,0,0,0,0,0,0,0,0,0,0,0,0,0,0,0,0,0,0,0,0,1000000000000010000000000000000110000000000000000000000000000,1152991874156331008,14
TGGGGATACTTGGGAAGGGGTTG,1,1,0,1,0,0,0,0,0,0,0,0,0,0,1,0,0,0,0,0,0,1,0,0,0,0,0,0,0,0,0,1,0,0,1,0,0,0,0,0,0,0,1,0,0,0,1,0,0,0,0,0,0,0,1,0,0,0,0,0,0,1101000000000010000001000000000100100000001000100000001000000,1873568364090376256,322
TGGGGCTGCTCTGGAAAAATCAT,1,0,0,0,0,0,0,0,0,0,0,0,0,0,0,0,0,0,0,0,0,0,0,0,0,0,1,0,0,1,0,1,1,0,0,0,0,0,0,0,0,0,0,0,0,0,0,0,0,0,0,0,0,0,0,0,0,0,0,0,0,1000000000000000000000000010010110000000000000000000000000000,1152921524739506176,323
TGGGGGATGGGGGAAGAGATAAC,1,0,0,0,0,0,0,0,0,0,0,0,0,0,0,0,0,0,0,0,0,0,0,0,0,0,0,0,0,0,0,0,0,0,0,0,0,0,0,0,0,0,0,0,0,0,0,0,0,0,0,0,0,0,0,0,0,0,0,0,0,1000000000000000000000000000000000000000000000000000000000000,1152921504606846976,22
TGGGTTACAGTTTATTATGGGGT,1,0,0,0,0,0,0,0,0,0,0,0,1,0,1,0,0,0,0,0,1,0,0,0,0,0,0,0,0,0,0,1,1,0,1,0,0,0,0,0,0,0,0,0,0,0,0,0,0,0,0,0,0,0,0,0,0,0,0,0,0,1000000000001010000010000000000110100000000000000000000000000,1153274448711778304,324
TGGTATATAAAAATATTTATAAT,1,1,0,1,0,0,0,0,0,0,1,0,1,1,1,1,0,0,1,0,0,0,1,1,1,1,1,0,0,0,1,1,1,1,1,1,0,0,0,0,1,0,1,0,0,0,1,1,0,0,0,0,0,0,1,0,0,0,0,0,0,1101000000101111001000111110001111110000101000110000001000000,1875156043212021824,325
TGGTGGATGGAGTATTGGCAGGC,1,1,0,0,0,0,0,0,0,0,0,0,0,0,1,0,0,0,0,0,1,1,1,1,0,1,0,0,0,0,0,1,1,0,1,1,0,0,0,0,1,0,0,0,0,0,0,0,0,0,0,1,0,0,0,0,0,0,0,0,0,1100000000000010000011110100000110110000100000000001000000000,1729454722505507328,326
TGGTTTGACATAACAAAATGGCT,1,1,0,0,1,0,0,0,0,0,0,0,0,0,1,0,0,0,0,0,1,0,0,1,1,0,0,0,1,1,0,0,0,0,1,0,0,0,0,0,0,0,0,0,0,0,0,0,1,0,0,0,0,0,1,0,0,1,0,0,0,1100100000000010000010011000110000100000000000001000001001000,1801511531871998024,327
TGTACTCCAGCTGGTTATGCGAT,1,0,0,0,0,0,0,0,0,0,0,0,0,0,0,0,0,0,0,0,0,0,0,0,0,0,0,0,0,0,0,1,1,0,0,0,0,0,0,0,0,0,0,0,0,0,1,0,0,0,0,0,0,0,0,0,0,0,0,0,0,1000000000000000000000000000000110000000000000100000000000000,1152921505412169728,328
TGTGAATATCCATCAGGACATAA,1,0,0,0,0,0,0,0,0,0,0,0,0,0,1,0,0,0,0,0,0,0,0,0,0,0,0,0,0,0,0,0,0,0,0,0,0,0,0,0,0,0,0,0,0,0,0,0,0,0,0,0,0,0,0,0,0,0,0,0,0,1000000000000010000000000000000000000000000000000000000000000,1152991873351024640,113
TGTGGACTATAGTAGCTATAGAA,1,0,0,0,0,0,0,0,0,0,0,0,0,0,1,0,0,0,0,0,0,1,0,0,0,0,0,0,0,0,0,1,0,0,0,0,0,0,0,0,0,0,0,0,0,0,0,0,0,0,0,0,0,0,0,0,0,0,0,0,0,1000000000000010000001000000000100000000000000000000000000000,1152992423643709440,48
TGTGTTTTGGATGGTGCTTCAAG,1,0,0,0,0,0,0,0,0,0,1,0,1,0,1,0,0,0,0,0,0,1,0,0,0,0,0,0,0,0,0,1,0,0,0,0,0,0,0,0,0,0,0,0,0,0,0,0,0,0,0,0,0,0,0,0,0,0,0,0,0,1000000000101010000001000000000100000000000000000000000000000,1154399798527262720,329
TGTTAAATGGCAGTCTAGCAGAA,1,1,0,0,0,0,0,0,0,0,1,0,1,1,0,0,0,0,1,0,0,1,0,0,0,0,1,1,1,0,0,0,1,0,1,1,1,1,0,0,0,0,1,0,0,0,1,0,1,0,0,0,0,0,0,0,0,0,0,0,0,1100000000101100001001000011100010111100001000101000000000000,1730935347543822336,330
TGTTGACTCAGATTGGTTGCACT,0,1,0,0,0,0,0,0,0,1,0,0,0,0,0,0,1,0,0,0,0,0,0,0,0,0,0,0,0,0,0,0,0,0,0,0,0,0,0,0,0,1,0,1,0,0,0,0,1,0,0,1,1,1,1,0,0,0,0,0,0,0100000001000000100000000000000000000000010100001001111000000,578730144303813568,331
TGTTGGTGGGCAAATGTCACACA,0,1,0,0,0,0,0,0,1,0,0,0,0,0,0,0,0,0,0,0,0,0,0,0,0,0,0,0,0,0,0,0,0,0,0,0,0,0,0,0,1,0,0,0,0,0,0,0,0,0,0,0,0,0,0,0,0,0,0,0,0,0100000010000000000000000000000000000000100000000000000000000,580964351931842560,332
TTAAAAGAAAAGGGGGGATTGGG,1,1,1,1,1,1,1,1,1,1,1,1,1,1,1,1,1,1,1,1,1,1,1,1,1,1,1,1,1,1,1,1,1,1,1,1,1,1,1,1,1,1,1,1,1,1,1,1,1,1,1,1,1,1,1,1,1,1,1,1,1,1111111111111111111111111111111111111111111111111111111111111,2305843009213693951,333
TTAAATATGATGCTAAATATAGT,1,0,0,0,0,0,0,0,0,0,0,0,0,0,1,0,0,0,0,0,0,0,0,0,0,0,0,0,0,0,0,1,1,0,0,0,0,0,0,0,0,0,0,0,0,0,0,0,0,0,0,0,0,0,0,0,0,0,0,0,0,1000000000000010000000000000000110000000000000000000000000000,1152991874156331008,14
TTAGAAGAAATGATGACAGCATG,1,1,0,1,0,0,0,1,0,1,1,0,0,0,1,1,0,0,1,0,1,1,0,0,0,0,0,0,1,1,1,0,1,1,1,1,0,0,0,0,0,0,1,0,0,1,1,1,0,1,0,1,0,0,0,0,0,1,0,0,0,1101000101100011001011000000111011110000001001110101000001000,1885993952411445768,334
TTAGGAATACCGCATCCAGCAGG,1,0,0,1,0,0,0,0,0,0,0,0,0,0,1,0,0,0,0,0,0,0,0,0,0,0,0,0,0,0,0,0,1,0,0,0,0,0,0,0,0,0,0,0,0,0,0,0,0,0,0,0,1,0,0,0,0,0,0,0,0,1001000000000010000000000000000010000000000000000000100000000,1297107061695316224,335
TTCCAGTCAGGCCGCAGGTACCT,1,1,1,0,0,0,0,0,0,0,1,0,0,0,1,0,0,1,0,0,0,1,0,0,0,0,0,0,0,0,0,1,1,0,0,0,0,0,0,0,0,0,0,0,0,0,0,0,0,0,0,0,0,0,0,1,0,0,0,0,0,1110000000100010010001000000000110000000000000000000000100000,2018818248367144992,278
TTGATCCTTGGGTTGGTGATAAT,1,0,0,1,0,1,0,0,0,0,0,0,1,1,1,0,0,0,1,0,0,0,0,0,1,0,0,0,0,0,1,1,0,0,1,1,0,0,0,0,1,0,0,0,0,0,0,0,0,0,0,0,0,0,1,0,0,0,0,0,0,1001010000001110001000001000001100110000100000000000001000000,1333562539389222976,336
TTGGGGTCTGCAAACAGGAGAAA,1,1,0,0,0,0,0,0,0,0,0,0,0,0,0,0,0,0,0,0,0,0,0,0,0,0,1,0,0,0,0,0,0,0,0,0,0,0,0,0,0,0,1,0,0,0,0,0,0,0,0,0,0,0,0,0,0,0,0,0,0,1100000000000000000000000010000000000000001000000000000000000,1729382274090401792,337
TTGTCTGGTATAGTGCAACAGCA,1,1,1,1,0,0,1,1,1,1,1,0,1,0,1,0,0,1,1,0,1,0,0,0,0,0,1,1,1,0,0,1,1,0,0,0,0,0,1,1,0,0,0,0,1,0,0,1,1,1,0,1,0,1,0,1,0,1,0,0,0,1111001111101010011010000011100110000011000010011101010101000,2196996886498458280,338
TTTAGGGAAAATTTGGCCTTCCA,1,1,0,0,0,0,0,0,1,1,1,1,0,1,1,0,0,1,0,0,1,1,0,0,1,0,1,0,0,0,1,0,0,1,1,1,1,0,0,0,0,1,1,1,1,1,1,1,0,0,0,1,1,1,1,1,0,0,0,0,0,1100000011110110010011001010001001111000011111110001111100000,1738048145030374368,339
TTTATAATGATAGTAGGAGGTTT,1,1,0,0,0,0,0,0,0,0,0,0,1,1,1,0,0,0,1,0,0,0,0,0,1,0,1,0,0,0,0,0,1,0,1,1,0,0,0,0,1,0,0,0,0,0,0,0,0,0,0,0,0,0,1,0,0,0,0,0,0,1100000000001110001000001010000010110000100000000000001000000,1729879322435518528,340
TTTATCAAGAGCCATTTAAAAAT,1,1,1,0,0,0,0,0,1,0,0,1,0,0,1,0,1,0,0,0,1,1,0,0,0,1,0,1,1,0,0,1,1,1,1,0,1,1,1,0,0,1,0,1,0,0,1,0,1,0,0,0,1,0,0,0,0,0,0,0,0,1110000010010010100011000101100111101110010100101000100000000,2022768841121747200,341
TTTCTATGTAGATGGGGCAGCTA,1,1,0,1,1,1,0,0,1,1,1,0,0,0,1,1,0,1,1,1,1,0,1,1,1,1,1,1,0,1,0,1,1,0,1,1,0,0,0,1,1,0,1,0,1,1,0,1,1,0,0,1,0,1,0,0,0,0,0,0,0,1101110011100011011110111111010110110001101011011001010000000,1989587725404451456,342
TTTGTTCATTTCAGAATTGGGTG,1,1,0,1,0,0,0,0,1,0,0,0,0,0,1,0,0,0,0,0,0,1,0,0,0,1,0,0,0,0,0,1,1,0,1,0,0,0,0,0,1,0,1,0,0,0,1,1,0,0,0,0,0,0,0,0,0,0,0,0,0,1101000010000010000001000100000110100000101000110000000000000,1878071998346977280,343
TTTTCAGTTCCCTTAGATGAAGA,0,1,0,0,0,1,0,0,0,0,0,0,0,0,0,0,1,0,1,0,0,0,1,1,0,0,0,1,1,0,0,0,0,1,0,0,0,0,0,0,0,0,0,0,0,0,0,0,1,0,0,1,0,0,0,0,0,0,0,0,0,0100010000000000101000110001100001000000000000001001000000000,612511964890927616,344
